-- phpMyAdmin SQL Dump
-- version 4.4.15.7
-- http://www.phpmyadmin.net
--
-- Хост: 127.0.0.1:3306
-- Время создания: Фев 06 2018 г., 13:09
-- Версия сервера: 5.5.50
-- Версия PHP: 5.5.37

SET SQL_MODE = "NO_AUTO_VALUE_ON_ZERO";
SET time_zone = "+00:00";


/*!40101 SET @OLD_CHARACTER_SET_CLIENT=@@CHARACTER_SET_CLIENT */;
/*!40101 SET @OLD_CHARACTER_SET_RESULTS=@@CHARACTER_SET_RESULTS */;
/*!40101 SET @OLD_COLLATION_CONNECTION=@@COLLATION_CONNECTION */;
/*!40101 SET NAMES utf8mb4 */;

--
-- База данных: `kvitancy`
--

-- --------------------------------------------------------

--
-- Структура таблицы `aparaty`
--

CREATE TABLE IF NOT EXISTS `aparaty` (
  `id_aparat` int(4) NOT NULL,
  `aparat_name` text NOT NULL
) ENGINE=MyISAM AUTO_INCREMENT=161 DEFAULT CHARSET=cp1251;

--
-- Дамп данных таблицы `aparaty`
--

INSERT INTO `aparaty` (`id_aparat`, `aparat_name`) VALUES
(0, '0ДРУГОЕ'),
(18, 'Картридж'),
(8, 'Мобильный телефон'),
(7, 'Ноутбук'),
(10, 'Принтер'),
(11, 'Маршрутизатор'),
(12, 'Системный блок'),
(13, 'Монитор'),
(14, 'Накопитель'),
(20, 'Фотоаппарат'),
(123, 'Посудомоечные машины'),
(17, 'Периферия'),
(21, 'Электронная книга'),
(22, 'Планшет'),
(23, 'Материнская плата'),
(24, 'Блок питания'),
(25, 'МР3 плеер'),
(26, 'Карман для HDD'),
(27, 'Телевизор'),
(28, 'Сабвуфер'),
(29, 'Наушники'),
(31, 'Моноблок'),
(32, 'Кофеварка'),
(33, 'Ультрабук'),
(34, 'Сканер'),
(35, 'Аккумулятор'),
(36, 'Видеокарта'),
(37, 'Утюг'),
(38, 'Хлебопечка'),
(39, 'Видеокамера'),
(40, 'Мясорубка'),
(41, 'Блендер'),
(42, 'мп3-плеер'),
(43, 'ИБП'),
(44, 'СВЧ'),
(45, 'Фен'),
(46, 'Соковыжималка'),
(47, 'Кухонный комбайн'),
(48, 'Кофемолка'),
(49, 'Рамка'),
(90, 'Универсальный пульт'),
(51, 'Пароварка'),
(52, 'Мультиварка'),
(54, 'Видеоплеер'),
(56, 'Колонка'),
(57, 'Пылесос'),
(58, 'Ресивер'),
(59, 'МФУ'),
(60, 'Объектив'),
(61, 'Зарядное устройство'),
(88, 'Проектор'),
(63, 'Диктофон'),
(64, 'Магнитофон'),
(65, 'Гарнитура'),
(66, 'GPS-Навигатор'),
(67, 'Электро щепцы'),
(68, 'Электро щипцы'),
(69, 'Музыкальный центр'),
(70, 'Очиститель воздуха'),
(71, 'Фоторамка'),
(72, 'Плата'),
(73, 'Пульт'),
(89, 'Домофон'),
(75, 'Мышка'),
(76, 'Докстанция'),
(77, 'Винчестер'),
(78, 'Стабилизатор напряжения'),
(79, 'Медиаплеер'),
(80, 'Кофемашина'),
(81, 'Домашний кинотеатр'),
(82, 'Тостер'),
(83, 'переводчик'),
(84, 'Звуковая карта'),
(85, 'Проектор?'),
(87, 'Электрочайник'),
(91, 'Шредер'),
(92, 'Клавиатура'),
(93, 'Капучинатор'),
(94, 'Роутер'),
(95, 'видеорегистратор'),
(96, 'Навигатор'),
(97, 'Часы'),
(98, 'Модем 3g'),
(99, 'Жесткий диск'),
(100, 'Вспышка'),
(101, 'Плеер'),
(102, 'Пароочеститель'),
(103, 'Память ОЗУ'),
(104, 'Фритюрница'),
(105, 'Термос'),
(106, 'Флешка'),
(124, 'Дековый телефон'),
(108, 'Плойка'),
(109, 'Насос'),
(110, 'Радиотелефон'),
(111, 'Весы'),
(112, 'Чайник'),
(113, 'Коммутатор'),
(114, 'Тример'),
(115, 'Редиоприёмник'),
(116, 'Радиоприёмник'),
(117, 'Микроволновка'),
(118, 'Аудио система'),
(119, 'Аудиосистема'),
(120, 'Джойстик'),
(121, 'Автомагнитола'),
(122, 'Машинка для денег.'),
(125, 'Усилитель звука'),
(126, 'Маска для лица'),
(127, 'Кондиционер'),
(129, 'Считыватель меток'),
(130, 'Сетевой адаптер'),
(131, 'Электронная ламна'),
(156, 'Антирадар'),
(157, 'Плита'),
(158, 'РадиоНяня'),
(159, 'Увлажнитель'),
(160, 'Духовка');

-- --------------------------------------------------------

--
-- Структура таблицы `aparat_p`
--

CREATE TABLE IF NOT EXISTS `aparat_p` (
  `id_aparat_p` int(3) NOT NULL,
  `id_aparat` int(3) NOT NULL,
  `title` varchar(50) NOT NULL
) ENGINE=MyISAM AUTO_INCREMENT=807 DEFAULT CHARSET=cp1251;

--
-- Дамп данных таблицы `aparat_p`
--

INSERT INTO `aparat_p` (`id_aparat_p`, `id_aparat`, `title`) VALUES
(201, 27, '0-Другое'),
(38, 27, 'Матрицы/экраны'),
(199, 27, 'Строчные трансформаторы'),
(44, 27, 'Кабели'),
(197, 27, 'Инверторы'),
(40, 27, 'Блоки питания'),
(46, 27, 'Модули подсветки'),
(469, 27, 'Тюнеры/ Медиаплееры'),
(470, 27, 'Платы управления'),
(471, 27, 'Процессоры'),
(472, 27, 'Пульты'),
(473, 27, 'Шлейфы'),
(113, 8, 'Клавиатуры'),
(114, 8, 'Дисплеи'),
(115, 8, 'Динамики слуховые'),
(116, 8, 'Камеры'),
(117, 8, 'Аккумуляторы'),
(119, 8, 'Клавиатурные подложки'),
(120, 8, 'Кнопки /Джойстики'),
(122, 8, '0-Другое'),
(121, 8, 'Кабели'),
(483, 8, 'Тачскрины/Сенсоры'),
(626, 7, 'Матрицы 7'),
(335, 7, 'Корпуса'),
(336, 7, 'Рамки, крышки'),
(337, 7, 'Петли'),
(338, 7, 'Клавиатуры'),
(339, 7, 'Тачпады'),
(340, 7, 'Динамики'),
(341, 7, 'Шлейфы'),
(342, 7, 'Материнские платы'),
(343, 7, 'Дополнительные платы'),
(344, 7, 'Разъемы'),
(345, 7, 'Система охлаждения в сборе'),
(346, 7, 'Кулеры'),
(347, 7, 'Карманы для HDD'),
(348, 7, 'CD-DVD приводы'),
(349, 7, 'Процессоры'),
(350, 7, 'WiFi, Bluetooth, 3g модули - карты'),
(351, 7, 'Блоки питания'),
(352, 7, 'Оперативная память ОЗУ'),
(353, 7, 'Батареи'),
(354, 7, 'Инверторы'),
(355, 7, 'Вебкамеры'),
(356, 7, 'Заглушки'),
(357, 7, '0-Другое'),
(371, 22, '0-Другое'),
(372, 22, 'Камеры'),
(374, 22, 'Кнопки (громкости, включения, home)'),
(375, 22, 'Корпуса'),
(376, 22, 'Матрицы/экраны'),
(377, 22, 'Микросхемы'),
(378, 22, 'Модули(экран+тач)'),
(379, 22, 'Блоки питания'),
(380, 22, 'Тачскрины/сенсоры'),
(395, 22, 'Шлейфы'),
(361, 12, 'Блоки питания'),
(381, 12, 'Видеокарты'),
(382, 12, 'Внутренние HDD (жесткие диски)'),
(383, 12, '0-Другое'),
(384, 12, 'Звуковые карты'),
(385, 12, 'Кардридеры'),
(386, 12, 'Клавиатуры'),
(387, 12, 'Контроллеры'),
(388, 12, 'Корпуса'),
(389, 12, 'Материнские платы'),
(390, 12, 'Модули памяти'),
(391, 12, 'Оптические приводы'),
(392, 12, 'Процессоры'),
(393, 12, 'Сетевые карты'),
(394, 12, 'Системы охлаждения'),
(396, 13, 'Блок питания'),
(397, 13, 'Главная плата управления'),
(398, 13, '0-Другое'),
(399, 13, 'Корпус'),
(400, 13, 'Матрица'),
(401, 13, 'Панель управления'),
(402, 13, 'Экран'),
(403, 32, 'Бойлера'),
(404, 32, 'Датчики'),
(405, 32, '0-Другое'),
(406, 32, 'Заварные устройства'),
(407, 32, 'Кофемолки'),
(408, 32, 'Клапаны'),
(409, 32, 'Корпусные детали'),
(410, 32, 'Краны горячей воды/Паровые краны'),
(411, 32, 'Платы'),
(412, 32, 'Помпы'),
(413, 32, 'Раздаточные группы'),
(414, 32, 'Рожки (холдеры), фильтродержатели'),
(415, 32, 'Теплообменные стаканы/системы трубок'),
(431, 20, 'Корпуса'),
(432, 20, 'Ламели'),
(433, 20, 'Лампы'),
(434, 20, 'Матрицы'),
(435, 20, 'Механизмы'),
(436, 20, 'Микросхемы'),
(437, 20, 'Модули (узловые сборки)'),
(438, 20, 'Наглазники'),
(439, 20, 'Объективы'),
(440, 20, 'Платы'),
(441, 20, 'Предохранители'),
(442, 20, 'Фокусировочные экраны'),
(443, 20, 'Шестерни'),
(444, 20, 'Шлейфы'),
(448, 59, 'Валы тефлоновые'),
(446, 59, 'Валы первичного заряда'),
(447, 59, 'Валы резиновые'),
(449, 59, 'Втулки'),
(450, 59, 'Датчики'),
(451, 59, '0-Другое'),
(452, 59, 'Корпуса'),
(453, 59, 'Лезвия дозирования'),
(454, 59, 'Лезвия чистящие'),
(455, 59, 'Лезвия уплотнительные'),
(456, 59, 'Муфты'),
(457, 59, 'Нагревательные элементы'),
(458, 59, 'Накладки'),
(459, 59, 'Платы питания'),
(460, 59, 'Платы управления'),
(461, 59, 'Ролики'),
(462, 59, 'Сепараторы'),
(463, 59, 'Термопленки'),
(464, 59, 'Тормозные площадки'),
(465, 59, 'Узлы закрепления (печки)'),
(466, 59, 'Фотобарабаны'),
(467, 59, 'Шестерни'),
(468, 59, 'Шлейфы,кабели'),
(474, 8, 'Динамики полифонические'),
(475, 8, 'Корпуса'),
(476, 8, 'Микросхемы'),
(477, 8, 'Микрофоны'),
(478, 8, 'Модули'),
(479, 8, 'Платы'),
(480, 8, 'Разъмы'),
(481, 8, 'Шлейфы'),
(486, 7, 'Микросхемы'),
(487, 7, 'Чипы'),
(491, 47, 'Венчики'),
(490, 47, 'Шестерни'),
(492, 47, 'Гайки'),
(493, 47, 'Держатели терок'),
(494, 47, 'Крышки'),
(495, 47, 'Лотки'),
(496, 47, 'Мясорубки'),
(497, 47, 'Ножи'),
(498, 47, 'Овощерезки'),
(499, 47, 'Решетки'),
(500, 47, 'Соковыжималки'),
(501, 47, 'Терки'),
(502, 47, 'Толкатели'),
(503, 47, 'Тубусы'),
(504, 47, 'Уплотнения'),
(505, 47, 'Двигатели'),
(506, 47, '0-Другое'),
(507, 46, 'Двигатели'),
(508, 46, 'Держатели сита'),
(509, 46, 'Другое'),
(510, 46, 'Ножи-сито'),
(511, 46, 'Заглушки'),
(512, 46, 'Насадки'),
(513, 46, 'Защелки'),
(514, 46, 'Контейнеры для жмыха'),
(515, 46, 'Крышки корпуса'),
(516, 46, 'Сливы для сока'),
(517, 46, 'Толкатели'),
(518, 46, 'Чаши'),
(519, 40, 'Гайки'),
(520, 40, '0-Другое'),
(578, 47, 'Насадки'),
(522, 40, 'Кеббе'),
(523, 40, 'Лотки'),
(524, 40, 'Муфты-предохранители'),
(525, 40, 'Мясорубки'),
(526, 40, 'Нарезки кубики'),
(527, 40, 'Ножи'),
(528, 40, 'Овощерезки'),
(529, 40, 'Решетки'),
(530, 40, 'Соковыжималки'),
(531, 40, 'Терки'),
(532, 40, 'Толкатели'),
(533, 40, 'Тубусы'),
(534, 40, 'Шнеки'),
(535, 40, 'Насадки'),
(536, 40, 'Двигатели'),
(537, 22, 'Материнские платы'),
(538, 22, 'Модули связи (3G, wi-fi)'),
(539, 22, 'Разъемы'),
(540, 22, 'Динамики'),
(541, 22, 'Микрофоны'),
(550, 44, 'Вентиляторы'),
(551, 44, '0-Другое'),
(552, 44, 'Дверки'),
(553, 44, 'Диоды'),
(554, 44, 'Кнопки'),
(555, 44, 'Конденсаторы'),
(556, 44, 'Лампочки'),
(557, 44, 'Магнетроны'),
(558, 44, 'Моторчики тарелки'),
(559, 44, 'Моторы'),
(560, 44, 'Панели управления'),
(561, 44, 'Пластмассовые изделия'),
(562, 44, 'Предохранители'),
(563, 44, 'Программаторы'),
(564, 44, 'Резисторы'),
(565, 44, 'Реле'),
(566, 44, 'Роллеры'),
(567, 44, 'Ручки'),
(568, 44, 'Слюда'),
(569, 44, 'Стекла дверки'),
(570, 44, 'Таймеры'),
(571, 44, 'Тарелки'),
(572, 44, 'Термостаты'),
(573, 44, 'Трансформаторы'),
(574, 44, 'ТЭНы'),
(575, 44, 'Электрические датчики t'),
(576, 44, 'Электронные модули'),
(577, 47, 'Муфты'),
(586, 38, 'Ведра, лотки, подставки'),
(587, 38, 'Лопатки'),
(588, 38, 'Электронные платы'),
(589, 38, '0-Другое'),
(590, 38, 'Мерные ложки и стаканы'),
(591, 38, 'Ремни'),
(592, 38, 'Сальники'),
(593, 38, 'Тэны'),
(594, 38, 'Подшипники'),
(595, 38, 'Моторы'),
(596, 38, 'Шестерни'),
(597, 38, 'Шкивы'),
(598, 38, 'Приводы ведра (контейнера)'),
(599, 38, 'Клавиатуры'),
(600, 38, 'Крышки'),
(601, 12, 'Шлейфы'),
(602, 7, 'Кабели питания'),
(603, 7, 'Жесткие диски'),
(604, 59, 'Картриджи'),
(605, 41, 'шестерня'),
(606, 41, 'двигатель'),
(607, 32, 'Резинки'),
(617, 7, 'Матрицы 9'),
(618, 7, 'Матрицы 10'),
(619, 7, 'Матрицы 11'),
(620, 7, 'Матрицы 12'),
(621, 7, 'Матрицы 13'),
(622, 7, 'Матрицы 14'),
(623, 7, 'Матрицы 15'),
(624, 7, 'Матрицы 16'),
(625, 7, 'Матрицы 17'),
(627, 8, 'Сим приемник'),
(628, 43, 'ИБП'),
(629, 22, 'Кабель'),
(630, 80, 'Трансформатор'),
(631, 43, 'Батарея'),
(632, 61, 'блок питания'),
(633, 8, 'Стекло'),
(634, 21, 'Материнская плата'),
(635, 45, 'вилка'),
(636, 69, 'УНЧ'),
(637, 80, 'Ремкомплект'),
(638, 80, 'Тройник'),
(639, 80, 'Хомут'),
(640, 80, 'Клапан'),
(641, 8, 'чехол'),
(642, 7, 'Карман Для HDD'),
(643, 80, 'Пищевой концентрат для удаления накипи'),
(644, 80, 'Капучинатор'),
(645, 129, 'ШИМ'),
(646, 129, 'Стабилитрон'),
(647, 8, 'аудио разъемы'),
(648, 8, 'набор болтиков'),
(649, 8, 'Антенна'),
(650, 7, 'мульт'),
(651, 7, 'USB разъем'),
(652, 12, 'электролиты'),
(653, 7, 'Разъемы питания'),
(654, 8, 'Тач скрин'),
(655, 80, 'Плата'),
(656, 80, 'Мотор'),
(657, 80, 'Мотор кофемолки'),
(658, 80, 'Мотор кофемолки.'),
(659, 80, 'Панарела'),
(660, 80, 'Диспенсер'),
(661, 80, 'Кнопка включения'),
(662, 80, 'Решетка поддона'),
(663, 27, 'транзистор'),
(664, 22, 'Батарея(3.7v)'),
(665, 21, 'Микросхема'),
(666, 22, 'SIM коннектор'),
(667, 28, 'трансформатор'),
(668, 28, 'предохранитель'),
(669, 27, 'шим'),
(670, 117, 'диод'),
(671, 117, 'предохранитель'),
(672, 7, 'Тачскрин(Сенсор)'),
(673, 80, 'Резинка под холдер'),
(674, 80, 'Кофемолка'),
(675, 80, 'Помпа'),
(676, 102, 'Клапан котушки'),
(677, 102, 'Клапан катушки'),
(678, 80, 'штуцер'),
(679, 7, 'ICS9LPRS480'),
(680, 117, 'Трансформатор'),
(681, 96, 'АКБ'),
(682, 27, 'FSP132-4F02'),
(683, 24, 'Системный блок'),
(684, 31, 'Матрица'),
(685, 57, 'Аккумуляторы'),
(686, 101, 'шим'),
(687, 101, 'резистор'),
(688, 80, 'Бункер отходов'),
(689, 119, 'Аккумулятор'),
(690, 80, 'Бойлер'),
(691, 80, 'Бункер для воды'),
(692, 21, 'Матрицы/экраны'),
(693, 24, 'Провод'),
(694, 61, 'Провод'),
(695, 80, 'Теплообменник'),
(696, 80, 'Дренажный клапан'),
(697, 80, 'Резиновый уплотнители'),
(698, 80, 'Носик выдачи кофе'),
(699, 80, 'Направляющее дозатора'),
(700, 80, 'Направляющае дозатора'),
(701, 80, 'Направляющая дозатора'),
(702, 37, 'Терморелле'),
(703, 80, 'Катушка электроклапана'),
(704, 31, 'чипи'),
(705, 40, 'Шестерни'),
(706, 22, 'Плата зарядки'),
(707, 101, 'Шлейф'),
(708, 7, 'Шим'),
(709, 80, 'Пластик для двери'),
(710, 80, 'Петля для двери верхняя.'),
(711, 80, 'Жернова'),
(712, 24, 'Блок питания'),
(713, 144, 'Провод'),
(714, 29, 'Наушники'),
(715, 24, 'Автомобильный блок питания USB 5V'),
(716, 145, 'Защитное стекло'),
(717, 146, 'Защитная пленка'),
(718, 123, 'Софтнер'),
(719, 80, 'редуктор ЗУ'),
(720, 80, 'Шестерня'),
(721, 56, 'Динамик'),
(722, 79, 'Медиаплеер'),
(723, 80, 'Полка поддона чашек'),
(724, 80, 'Концентрат для очистки жиров и масел'),
(725, 80, 'Нагревательный элемент'),
(726, 154, 'Батарейки'),
(727, 80, 'Крышка для штуцера.'),
(728, 13, 'шим'),
(729, 155, 'micro USB'),
(730, 80, 'Датчик'),
(731, 80, 'Сетевые кабели.'),
(732, 52, 'Шим контроллеры'),
(733, 52, 'Резисторы'),
(734, 52, 'Стабилитрони'),
(735, 80, 'Дисплей (Экран)'),
(736, 7, 'Кнопка'),
(737, 43, 'Транзистор MOSFET'),
(738, 80, 'Переходник'),
(739, 80, 'Прокладка'),
(740, 32, 'Штуцер/переходник/фитинг'),
(775, 27, 'чип'),
(774, 7, 'что-то'),
(776, 80, 'Подставка'),
(777, 80, 'Кофевод'),
(778, 80, 'Кран'),
(779, 32, 'Трубка'),
(780, 80, 'Манжета'),
(781, 80, 'Щетки'),
(782, 80, 'Соединение'),
(783, 80, 'Поршень'),
(784, 32, 'Втулка'),
(785, 80, 'Ручка'),
(786, 80, 'флоуметр'),
(787, 80, '800'),
(788, 80, 'Шланг'),
(789, 80, 'тразистор'),
(790, 95, 'Аккумулятор'),
(791, 22, 'Сенсор'),
(792, 80, 'Ремкомплект бойлера і болти'),
(793, 80, 'труба'),
(794, 94, 'блок питания'),
(795, 80, 'фиксатор'),
(796, 80, 'держатель'),
(797, 80, 'носик заварника'),
(798, 80, 'ТермоПредохранитель'),
(799, 57, 'мотор'),
(800, 22, 'шим-контроллер'),
(801, 80, 'микровыключатель'),
(802, 160, 'тэн'),
(803, 52, 'транзистор'),
(804, 27, 'светодиод'),
(805, 117, 'магнетрон'),
(806, 80, 'люлька');

-- --------------------------------------------------------

--
-- Структура таблицы `cash`
--

CREATE TABLE IF NOT EXISTS `cash` (
  `id` int(8) NOT NULL,
  `name` text NOT NULL,
  `plus` float NOT NULL DEFAULT '0',
  `minus` float NOT NULL DEFAULT '0',
  `id_kvitancy` int(8) DEFAULT NULL,
  `update_user` int(8) DEFAULT NULL,
  `update_time` time DEFAULT '00:00:00',
  `id_sc` int(2) NOT NULL,
  `update_date` date NOT NULL DEFAULT '0000-00-00',
  `total` float NOT NULL DEFAULT '0',
  `total_cash` float NOT NULL DEFAULT '0',
  `total_non_cash` float NOT NULL DEFAULT '0',
  `cash_type` int(1) DEFAULT '0'
) ENGINE=MyISAM DEFAULT CHARSET=cp1251;

-- --------------------------------------------------------

--
-- Структура таблицы `ci_cookies`
--

CREATE TABLE IF NOT EXISTS `ci_cookies` (
  `id` int(11) NOT NULL,
  `cookie_id` varchar(255) DEFAULT NULL,
  `netid` varchar(255) DEFAULT NULL,
  `ip_address` varchar(255) DEFAULT NULL,
  `user_agent` varchar(255) DEFAULT NULL,
  `orig_page_requested` varchar(120) DEFAULT NULL,
  `php_session_id` varchar(40) DEFAULT NULL,
  `created_at` datetime DEFAULT NULL,
  `updated_at` datetime DEFAULT NULL
) ENGINE=InnoDB DEFAULT CHARSET=utf8;

-- --------------------------------------------------------

--
-- Структура таблицы `ci_sessions`
--

CREATE TABLE IF NOT EXISTS `ci_sessions` (
  `session_id` varchar(40) NOT NULL DEFAULT '0',
  `ip_address` varchar(45) NOT NULL DEFAULT '0',
  `user_agent` varchar(120) NOT NULL,
  `last_activity` int(10) unsigned NOT NULL DEFAULT '0',
  `user_data` text NOT NULL
) ENGINE=MyISAM DEFAULT CHARSET=utf8;

-- --------------------------------------------------------

--
-- Структура таблицы `clients`
--

CREATE TABLE IF NOT EXISTS `clients` (
  `user_id` int(4) NOT NULL,
  `id_sc` int(4) DEFAULT '1',
  `fam` text NOT NULL,
  `imya` text NOT NULL,
  `otch` text NOT NULL,
  `login` text NOT NULL,
  `password` text NOT NULL,
  `mail` text NOT NULL,
  `send_mail` datetime NOT NULL,
  `phone` text NOT NULL,
  `adres` text NOT NULL,
  `gorod_id` int(4) NOT NULL,
  `id_group` int(4) NOT NULL
) ENGINE=MyISAM DEFAULT CHARSET=cp1251;

-- --------------------------------------------------------

--
-- Структура таблицы `comments`
--

CREATE TABLE IF NOT EXISTS `comments` (
  `id_comment` int(4) NOT NULL,
  `date` datetime DEFAULT '0000-00-00 00:00:00',
  `comment` text NOT NULL,
  `id_user` int(4) DEFAULT NULL,
  `id_kvitancy` int(4) NOT NULL
) ENGINE=MyISAM DEFAULT CHARSET=cp1251;

-- --------------------------------------------------------

--
-- Структура таблицы `goroda`
--

CREATE TABLE IF NOT EXISTS `goroda` (
  `gorod_id` int(4) NOT NULL,
  `gorod` text NOT NULL
) ENGINE=MyISAM AUTO_INCREMENT=11 DEFAULT CHARSET=cp1251;

--
-- Дамп данных таблицы `goroda`
--

INSERT INTO `goroda` (`gorod_id`, `gorod`) VALUES
(6, 'Киев'),
(8, 'Одесса');

-- --------------------------------------------------------

--
-- Структура таблицы `groups_dostupa`
--

CREATE TABLE IF NOT EXISTS `groups_dostupa` (
  `id` tinyint(4) NOT NULL,
  `name` varchar(16) DEFAULT NULL
) ENGINE=MyISAM AUTO_INCREMENT=7 DEFAULT CHARSET=cp1251;

--
-- Дамп данных таблицы `groups_dostupa`
--

INSERT INTO `groups_dostupa` (`id`, `name`) VALUES
(1, 'Администраторы'),
(2, 'Менеджеры'),
(3, 'Механики');

-- --------------------------------------------------------

--
-- Структура таблицы `kvitancy`
--

CREATE TABLE IF NOT EXISTS `kvitancy` (
  `id_kvitancy` int(4) NOT NULL,
  `user_id` int(4) DEFAULT '1',
  `id_aparat` int(4) DEFAULT NULL,
  `id_proizvod` int(4) NOT NULL DEFAULT '0',
  `model` text NOT NULL,
  `ser_nomer` text NOT NULL,
  `id_remonta` int(4) DEFAULT NULL,
  `neispravnost` text NOT NULL,
  `vid` text NOT NULL,
  `komplektnost` text,
  `date_priemka` date DEFAULT '0000-00-00',
  `date_okonchan` date DEFAULT '0000-00-00',
  `date_vydachi` date DEFAULT '0000-00-00',
  `id_sost` int(4) DEFAULT NULL,
  `id_mechanic` int(4) DEFAULT NULL,
  `id_sc` int(2) NOT NULL DEFAULT '1',
  `primechaniya` text,
  `comments` text NOT NULL,
  `update_time` text NOT NULL,
  `update_user` text NOT NULL,
  `id_where` int(11) NOT NULL,
  `id_responsible` int(11) NOT NULL,
  `full_cost` decimal(16,2) NOT NULL DEFAULT '0.00'
) ENGINE=MyISAM DEFAULT CHARSET=cp1251;

-- --------------------------------------------------------

--
-- Структура таблицы `membership`
--

CREATE TABLE IF NOT EXISTS `membership` (
  `id` int(11) NOT NULL,
  `first_name` varchar(255) DEFAULT NULL,
  `last_name` varchar(255) DEFAULT NULL,
  `email_addres` varchar(255) DEFAULT NULL,
  `user_name` varchar(255) DEFAULT NULL,
  `pass_word` varchar(32) DEFAULT NULL,
  `id_group` int(1) NOT NULL,
  `id_sc` int(2) NOT NULL,
  `active` int(1) DEFAULT '1',
  `show_my_tickets` int(1) DEFAULT '1',
  `show_call_tickets` int(1) DEFAULT '0',
  `percent` int(2) DEFAULT NULL,
  `work_type` int(1) DEFAULT '1'
) ENGINE=InnoDB AUTO_INCREMENT=15 DEFAULT CHARSET=utf8;

--
-- Дамп данных таблицы `membership`
--

INSERT INTO `membership` (`id`, `first_name`, `last_name`, `email_addres`, `user_name`, `pass_word`, `id_group`, `id_sc`, `active`, `show_my_tickets`, `show_call_tickets`, `percent`, `work_type`) VALUES
(3, ' Main', 'Admin', 'admin@fixinka.com', 'admin', 'aeeb8621c0b1cc527fab08b11195f3cc', 1, 1, 1, 1, 1, 30, 3),
(11, 'Andrey', 'Private', 'Andrey@private.com', 'andrey', 'e474e8520850a6f3d13f268666736f33', 2, 1, 1, 1, 0, 0, 3),
(12, 'Vova', 'Private', 'vova@private', 'vova', '3a4363d4ed39c8d69f0b99505b6aead9', 2, 1, 1, 1, 0, 0, 3),
(13, 'Mikhail', 'Private', 'activex@mail.ru', 'mikh', 'aeeb8621c0b1cc527fab08b11195f3cc', 1, 1, 1, 0, 1, 0, 3),
(14, 'Николай', 'Private', 'admin@admin.com', 'kolya', '723f0e09256d385127379c0d17197433', 3, 1, 1, 1, 0, 25, 2);

-- --------------------------------------------------------

--
-- Структура таблицы `parts`
--

CREATE TABLE IF NOT EXISTS `parts` (
  `id` int(4) NOT NULL,
  `name` text NOT NULL,
  `id_aparat` int(4) NOT NULL DEFAULT '0',
  `id_aparat_p` int(4) NOT NULL DEFAULT '0',
  `id_proizvod` int(4) NOT NULL DEFAULT '0',
  `model` text,
  `serial` text,
  `vid` text,
  `id_sost` int(1) NOT NULL DEFAULT '1',
  `user_id` int(4) DEFAULT '1',
  `date_priemka` date DEFAULT '0000-00-00',
  `date_vydachi` date DEFAULT '0000-00-00',
  `cost` float NOT NULL DEFAULT '0',
  `price` float NOT NULL DEFAULT '0',
  `status` int(1) DEFAULT '1',
  `id_kvitancy` int(8) DEFAULT NULL,
  `update_user` int(8) DEFAULT NULL,
  `update_time` varchar(100) DEFAULT NULL,
  `id_resp` int(8) DEFAULT NULL,
  `id_from` varchar(100) DEFAULT NULL,
  `id_where` int(1) NOT NULL,
  `id_sc` int(2) NOT NULL,
  `text` text
) ENGINE=MyISAM AUTO_INCREMENT=3 DEFAULT CHARSET=cp1251;

--
-- Дамп данных таблицы `parts`
--

INSERT INTO `parts` (`id`, `name`, `id_aparat`, `id_aparat_p`, `id_proizvod`, `model`, `serial`, `vid`, `id_sost`, `user_id`, `date_priemka`, `date_vydachi`, `cost`, `price`, `status`, `id_kvitancy`, `update_user`, `update_time`, `id_resp`, `id_from`, `id_where`, `id_sc`, `text`) VALUES
(1, '190-192 градусов, 10-15А', 80, 798, 0, '', '', '', 0, 13, '2017-06-23', '0000-00-00', 0, 0, 1, 0, 13, '23-06-2017, 11:18:46', 13, '1', 1, 1, NULL),
(2, 'Прокладка в ЗУ Bosch 423296', 80, 780, 59, '', '', '', 0, 13, '2017-07-31', '0000-00-00', 0, 0, 1, 0, 13, '31-07-2017, 21:48:56', 13, '1', 1, 1, NULL);

-- --------------------------------------------------------

--
-- Структура таблицы `people`
--

CREATE TABLE IF NOT EXISTS `people` (
  `PersonId` int(10) unsigned NOT NULL,
  `Name` varchar(45) NOT NULL,
  `Age` int(10) unsigned NOT NULL,
  `RecordDate` datetime NOT NULL
) ENGINE=InnoDB AUTO_INCREMENT=17 DEFAULT CHARSET=latin5;

--
-- Дамп данных таблицы `people`
--

INSERT INTO `people` (`PersonId`, `Name`, `Age`, `RecordDate`) VALUES
(2, 'Alex', 23, '2011-12-26 00:00:00'),
(5, 'Sasha', 88, '2012-01-03 20:55:02'),
(6, 'mikh', 29, '2014-04-02 17:26:51'),
(7, 'Mikh2', 29, '2014-04-03 09:34:38'),
(8, 'Victor', 23, '2014-04-03 09:36:26'),
(9, 'dsasdas', 323, '2014-04-03 19:46:35'),
(10, 'dasdas', 22, '2014-04-03 19:46:40'),
(11, '232133', 231231, '2014-04-03 19:46:46'),
(12, '123213', 123123, '2014-04-03 19:46:49'),
(13, '123213', 123123, '2014-04-03 19:46:53'),
(14, '123123', 123123, '2014-04-03 19:46:56'),
(15, '123123', 123123, '2014-04-03 19:47:00'),
(16, '2112', 21212, '2014-04-17 15:17:45');

-- --------------------------------------------------------

--
-- Структура таблицы `proizvoditel`
--

CREATE TABLE IF NOT EXISTS `proizvoditel` (
  `id_proizvod` int(4) NOT NULL,
  `name_proizvod` varchar(50) NOT NULL
) ENGINE=MyISAM AUTO_INCREMENT=495 DEFAULT CHARSET=cp1251;

--
-- Дамп данных таблицы `proizvoditel`
--

INSERT INTO `proizvoditel` (`id_proizvod`, `name_proizvod`) VALUES
(0, '0ДРУГОЕ'),
(13, 'LG'),
(14, 'Panasonic'),
(15, 'HTC'),
(4, 'Asus'),
(5, 'Lenovo'),
(6, 'Samsung'),
(7, 'Dell'),
(8, 'Hewlett Packard'),
(9, 'Sony'),
(10, 'Apple'),
(11, 'Fujitsu'),
(12, 'Packard Bell'),
(16, 'Fly'),
(17, 'Nokia'),
(18, 'Canon'),
(19, 'Epson'),
(20, 'Xerox'),
(21, 'Hitachi'),
(22, 'Philips'),
(23, 'Sony Ericsson'),
(24, 'BenQ'),
(25, 'View Sonic'),
(26, 'Microsoft'),
(27, 'IBM'),
(28, 'CompaQ'),
(29, 'E-Machines'),
(30, 'RoverBook'),
(31, 'Кор'),
(32, 'Cisco'),
(33, 'TP Link'),
(411, 'Ga.ma'),
(35, 'Toshiba'),
(36, 'MSI'),
(37, 'D-Link'),
(38, '0 - китайского производства'),
(39, 'Nikon'),
(40, 'Cisco Linksys'),
(41, 'Assistant'),
(42, 'Wexler'),
(43, 'Motorola'),
(44, 'Olympus'),
(45, 'Archos'),
(46, 'Transcend'),
(47, 'Orion'),
(48, 'Gateway'),
(49, 'BBK'),
(50, 'Sanyo'),
(51, 'Prology'),
(52, 'Gigabyte'),
(53, 'Prestigio'),
(54, 'HUAWEI'),
(55, 'Pioneer'),
(56, 'Sharp'),
(57, 'Sennheiser'),
(58, 'Koss'),
(59, 'Bosch'),
(60, 'Casio'),
(61, 'Pentax'),
(62, 'Kenwood'),
(63, 'Pocketbook'),
(64, 'Texet'),
(65, 'Amazon'),
(66, 'Kodak'),
(67, 'APC'),
(68, 'Electrolux'),
(69, 'Lavazza'),
(70, 'Gsmart'),
(71, 'Kindle'),
(72, 'Braun'),
(73, 'Nexus'),
(74, 'Tefal'),
(75, 'Nespresso'),
(76, 'Delonghi'),
(77, 'Atlas'),
(78, 'Saeco'),
(79, 'Apache'),
(81, 'THOMSON'),
(82, 'globex'),
(83, 'Francis Francis'),
(84, 'Krups'),
(85, 'Goclever'),
(86, 'AEG'),
(87, 'Candy'),
(88, 'Melitta'),
(89, 'Alienware'),
(90, 'Piano'),
(91, 'Zelmer'),
(92, 'Digma'),
(93, 'Pixus'),
(94, 'Impression'),
(95, 'Cooler Master'),
(96, 'Elite'),
(97, 'Jura'),
(98, 'Dex'),
(99, 'Logitech'),
(100, 'Q3'),
(101, 'LogigPower'),
(102, 'Flootach 32'),
(103, 'Flytouch'),
(104, 'Kub'),
(105, 'Jawbone'),
(106, 'Steelseries'),
(107, 'Moulinex'),
(108, 'Marshall'),
(109, 'Fujifilm'),
(110, 'FranciseFrancise'),
(111, 'NooK'),
(112, 'DNS'),
(113, 'T30'),
(114, 'Must'),
(115, 'MiD'),
(116, 'Yamaha'),
(117, 'iriver'),
(118, 'Hyundai'),
(217, 'Jeka'),
(120, 'Cowon'),
(121, 'BlackBerry'),
(122, 'GigaWorks'),
(123, 'Luxeon'),
(124, 'Mustek'),
(125, 'Onda'),
(126, 'ainol'),
(127, 'Luk'),
(128, 'Swiss Quality'),
(129, 'UFO'),
(130, 'NEC'),
(131, 'illy'),
(132, 'Plenue'),
(133, 'Сoolpad'),
(134, 'Step'),
(135, 'Rowento'),
(136, 'JVC'),
(137, 'AirON'),
(138, 'Momster'),
(139, 'Ipad'),
(140, 'Gaggia'),
(141, 'Plantronics'),
(142, 'Deso'),
(304, 'Albinar'),
(144, 'Lacie'),
(145, 'Navo'),
(146, 'Medion'),
(147, 'Сompag'),
(148, 'Ergo'),
(149, 'Nyundli'),
(150, 'Xperia'),
(151, 'Daikin Industries'),
(152, 'Belinea'),
(153, 'Beats'),
(154, 'Alcatel'),
(155, 'Seagate'),
(156, 'Sealife'),
(157, 'APS'),
(158, '3q'),
(159, 'LuxPad'),
(160, 'TDK'),
(161, 'Vitesse'),
(162, 'Nescafe'),
(163, 'mytab'),
(164, 'Razer'),
(165, 'WD'),
(166, 'Aoson'),
(167, '0 - нет названия'),
(168, 'siemens'),
(169, 'Chieftec'),
(170, 'Gopro'),
(171, 'Delux'),
(172, 'Gorenje'),
(173, 'SVEN'),
(174, 'AKG'),
(175, 'Scarlett'),
(176, 'TrinkPad'),
(177, 'Phaser'),
(178, 'qumo'),
(179, 'ZTPad'),
(180, 'Solis'),
(181, 'Simonelli'),
(182, '3Com'),
(183, 'saturn'),
(184, 'monsterbeats'),
(185, 'Villa'),
(186, 'СANYON'),
(187, 'Zelos'),
(188, 'Zopo'),
(189, 'LARETTI'),
(190, 'Everex'),
(191, 'SCULLCANDY'),
(192, 'Екомтех'),
(193, 'Supremo'),
(194, 'IconBit'),
(195, 'Pipo'),
(196, 'Eureka'),
(197, 'Emtec'),
(198, 'Сoffee Center'),
(199, 'Hannspree'),
(200, 'Rowena'),
(201, 'iura'),
(202, 'Dicple'),
(203, 'Konica Minolta'),
(204, 'Creative Professinal'),
(205, 'Bistro'),
(206, 'Grado'),
(207, 'Cuisinart'),
(208, 'urbanears'),
(209, 'JBL'),
(210, 'Reellex'),
(211, 'Plaer'),
(212, 'Leica'),
(213, 'Proview'),
(214, 'ICOO'),
(215, 'MYSTERY'),
(216, 'Caffytaly'),
(218, 'Joom'),
(219, 'Vertice'),
(220, 'SUPRA'),
(221, 'Spidem'),
(222, 'Clatronic'),
(223, 'Linksys'),
(224, 'oysters'),
(225, 'Elipso'),
(226, 'Kocaso'),
(227, 'Cube'),
(228, 'Chuwi'),
(229, 'General Electric'),
(230, 'Е-учебник'),
(231, 'Evromedia'),
(232, 'Enot'),
(233, 'Pantech'),
(234, 'caykend'),
(235, 'Intel'),
(236, 'Perfero'),
(237, 'Brother'),
(238, 'arnova'),
(239, 'Gaoapad'),
(240, 'Chalenger'),
(241, 'Verbatim'),
(242, 'Crown'),
(243, 'Shivaki'),
(244, 'Ariete'),
(245, 'Romos'),
(246, 'Сresyn'),
(247, 'bowers&amp;wilkins'),
(248, 'Conforta'),
(249, 'Bialetti'),
(250, 'Rowenta'),
(251, 'Ampe'),
(252, 'LaPiccola'),
(253, 'Agent'),
(254, 'Hanbit'),
(255, 'SanDisk'),
(256, 'ImPad'),
(257, 'Minolta'),
(258, 'E-Book'),
(259, 'Keepon'),
(260, 'Google'),
(261, 'ZyXel'),
(262, 'Caballero'),
(263, 'Polaroid'),
(264, 'fisher'),
(265, 'Coffe centere'),
(266, 'MIUIi'),
(267, 'Coby'),
(268, 'Rotel'),
(269, 'ProfiJooc'),
(270, 'Creative'),
(271, 'aiwa'),
(272, 'Mobile Phone'),
(273, 'Beyerdynamic'),
(274, 'Verizon'),
(275, 'Susegana'),
(276, 'Strong'),
(277, 'Zenius'),
(278, 'e.HOT'),
(279, 'Atom Epad'),
(280, 'Diakele'),
(281, 'Fritz'),
(282, 'Amoi'),
(283, 'Hanns-g'),
(284, 'Bork'),
(285, 'Cortland'),
(286, 'DUNE'),
(287, 'Arcelik'),
(288, 'Nabi'),
(289, 'Tunex'),
(290, 'Kensington'),
(291, 'IZUMI'),
(292, 'Evga'),
(293, 'Orda'),
(294, 'Play Pad'),
(295, 'Stone'),
(296, 'Thl'),
(297, 'speedlink'),
(298, 'Blaser'),
(299, 'Smart'),
(300, 'Urbaners'),
(301, 'android'),
(302, 'SiliconPower'),
(303, 'Ematic'),
(305, 'Tokina'),
(306, 'Freelqnder'),
(307, 'Skullcandy'),
(308, 'Elenberg'),
(309, 'Kanex'),
(310, 'Surface'),
(311, 'IfiveMX'),
(312, 'Daewoo DC'),
(313, 'Pavoni'),
(314, 'MikroTIK'),
(315, 'Zenithink'),
(316, 'HGST'),
(317, 'VOYO'),
(318, 'Quick Mill'),
(319, 'Design'),
(320, 'HIFIMen'),
(321, 'Xdigital'),
(322, 'Cron'),
(323, 'ROCCAT'),
(324, 'Bravis'),
(325, 'Hansol'),
(326, 'Teclast'),
(328, 'Genius'),
(329, 'Western Digital'),
(330, 'Gemix'),
(331, 'Explay'),
(332, 'S-Tell'),
(333, 'Iconcept'),
(334, 'Nouva Simonelli'),
(335, 'Senkatel'),
(336, 'Runbo'),
(337, 'Velas'),
(338, 'Hasselblad'),
(339, 'Zune'),
(340, 'Koenig'),
(341, 'Dreambox'),
(342, 'Kuppersbusch'),
(343, 'Verico'),
(344, 'San Marco'),
(345, 'Ripjaws'),
(346, 'Nomi'),
(347, 'Xiaomi'),
(348, 'Land Rover'),
(349, 'Inch'),
(350, 'Wega'),
(351, 'Aspiring'),
(352, 'Obreey'),
(353, 'Teclast TPad'),
(354, 'jayu'),
(355, 'Mi'),
(356, 'iocean'),
(357, 'Elephone'),
(358, 'Zalmer'),
(359, 'Ельво'),
(360, 'Tenda'),
(361, 'GoldStar'),
(362, 'Donod'),
(363, 'HP'),
(364, 'Kyros'),
(365, 'iRULU'),
(366, 'NZXT'),
(367, 'bianshi sara'),
(368, 'Delfa'),
(369, 'Keener'),
(370, 'Gastrorag'),
(371, 'La Cimbali'),
(372, 'Magimix'),
(373, 'Milly'),
(374, 'Сanon'),
(375, 'CrazyFire'),
(376, 'Miele'),
(377, 'ROHS'),
(378, 'TrekStor'),
(379, 'Сhallenger'),
(380, 'Grundic'),
(381, 'tenex'),
(382, 'Merlin'),
(383, 'karcher'),
(384, 'Garmin'),
(385, 'Naide'),
(386, 'Vitek'),
(387, 'Delta Electronics'),
(388, 'Soul'),
(389, 'SoundMAGIC'),
(390, 'Cimbali'),
(391, 'Emachines'),
(392, 'Multimedia'),
(393, 'Extreme'),
(394, 'Megaworks'),
(395, 'Foxgate'),
(396, 'Highscreen'),
(397, 'Turnigy'),
(398, 'Hairway'),
(399, 'Zalman'),
(400, 'ETOM'),
(401, 'audiotechnica'),
(402, 'Icute'),
(403, 'inomi'),
(404, 'Tactik'),
(405, 'Classic'),
(406, 'Commax'),
(407, 'LV'),
(408, 'Snopow'),
(409, 'ECM'),
(410, 'DeLaRue'),
(412, 'Conti Clap'),
(413, 'Pineng'),
(414, 'Fama'),
(415, 'Modecom'),
(416, 'Inew'),
(417, 'Oki'),
(418, 'UniPad'),
(419, 'APart'),
(420, 'Targa'),
(421, 'Fiorenzato'),
(422, 'Beaurer'),
(423, 'Atlanfa'),
(424, 'DAIKIN'),
(425, 'Pendo'),
(426, 'Iuni'),
(427, 'LSRock'),
(428, 'Chunmi'),
(429, 'Cgher-shot'),
(430, 'brugnetti'),
(431, 'Dexcom'),
(432, 'CAT'),
(433, 'Beko'),
(434, 'Ricoh'),
(435, 'AEE'),
(436, 'Canyon'),
(437, 'Quinto'),
(438, 'GameCom'),
(439, 'Sanremo'),
(440, 'Mitsubishi'),
(441, 'Midea'),
(442, 'My Passport'),
(443, 'Cooper'),
(444, 'Porsche Design'),
(445, 'Acube'),
(446, 'amico'),
(454, 'BlackView'),
(455, 'Egreat'),
(456, 'Eplutus'),
(457, 'Gilive'),
(458, 'Acer'),
(459, 'Perfeo'),
(460, 'Jocel'),
(461, 'Nous'),
(462, 'Microlab'),
(463, 'Catler'),
(464, 'Frog'),
(465, 'Discovery'),
(466, 'AOC'),
(467, 'Keneksi'),
(468, 'Nivona'),
(469, 'AirBook'),
(470, 'Onyx'),
(471, 'C3'),
(472, 'Kaffit'),
(473, 'Karbon'),
(474, 'ZTE'),
(475, 'Sempai'),
(476, 'Sanei'),
(477, 'Cebo'),
(478, 'Ascaso'),
(479, 'Redmond'),
(480, 'Hilton'),
(481, 'MORPHY'),
(482, 'Meizu'),
(483, 'sigma'),
(484, 'Daewoo'),
(485, 'Hendi'),
(486, 'tesoro'),
(487, 'Ariston'),
(488, 'Denon'),
(489, 'FreeLander'),
(490, 'SMEG'),
(491, 'Mocco'),
(492, 'Vimar'),
(493, 'WMF'),
(494, 'Polaris');

-- --------------------------------------------------------

--
-- Структура таблицы `service_centers`
--

CREATE TABLE IF NOT EXISTS `service_centers` (
  `id_sc` int(4) NOT NULL,
  `id_gorod` int(4) NOT NULL,
  `site` varchar(50) DEFAULT NULL,
  `name_sc` text NOT NULL,
  `adres_sc` text NOT NULL,
  `phone_sc` text NOT NULL,
  `kontakt_sc` text NOT NULL,
  `mail_sc` text NOT NULL,
  `rab_sc` varchar(500) DEFAULT NULL
) ENGINE=MyISAM AUTO_INCREMENT=17 DEFAULT CHARSET=cp1251 PACK_KEYS=0;

--
-- Дамп данных таблицы `service_centers`
--

INSERT INTO `service_centers` (`id_sc`, `id_gorod`, `site`, `name_sc`, `adres_sc`, `phone_sc`, `kontakt_sc`, `mail_sc`, `rab_sc`) VALUES
(1, 6, '', 'ТераФикс', 'вулиця Ольжича 5 (О.Теліги 31/1), Київ\nТел: 067-999-52-64, 093-049-35-95, 095-107-79-69\nEmail: pearl.coffee.service@gmail.com', '', '', '', 'Пн.-Пт. з 9 до 19, сб 10-16, нд. - вихідний');

-- --------------------------------------------------------

--
-- Структура таблицы `settings`
--

CREATE TABLE IF NOT EXISTS `settings` (
  `id` tinyint(2) unsigned NOT NULL COMMENT 'id',
  `name` varchar(40) NOT NULL COMMENT 'name',
  `value` longtext COMMENT 'value'
) ENGINE=MyISAM AUTO_INCREMENT=31 DEFAULT CHARSET=utf8;

--
-- Дамп данных таблицы `settings`
--

INSERT INTO `settings` (`id`, `name`, `value`) VALUES
(1, 'ticket', '<table border=\\"0\\" width=\\"830\\">\n <tbody>\n  <tr>\n   <td width=\\"830\\">\n    <h3 align=\\"center\\">\n     КВИТАНЦІЯ № [nomer_kvitancy]</h3>\n    <b>Сервісний Центр</b>&nbsp;&laquo;[name_sc]&raquo;<br>\n    <b>Наши реквізити:</b> [adres_sc], [phone_sc]<br />\n    <b>Графік роботи:</b> [rab_sc]</td>\n  </tr>\n </tbody>\n</table>\n<table border=\\"0\\" width=\\"830\\">\n <tbody>\n  <tr>\n   <td>\n    <p>\n     <b>Найменування:</b> [id_aparat] [id_proizvod] [model]\n     <b>Серійний №:</b> [ser_nomer]<br />\n     <b>Вид ремонту:</b> [id_remonta]<br />\n     <b>Дата прийому в ремонт:</b> [date_priemka]<br />\n     <b>Заявлена несправність, зі слів замовника:</b>&nbsp;[neispravnost]<br />\n     <b>Зовнішній вигляд апарата:</b> [vid]<br />\n     <b>Комплектність:</b> [komplektnost]<br />\n     <b>Контакти замовника:</b>&nbsp;&nbsp;&nbsp;Телефон: [phone]<br />\n     <b>П. І. П. замовника:</b> [fam] [imya] [otch], адреса: [adres]</p>\n   </td>\n  </tr>\n </tbody>\n</table>\n\n\n<table border="0" width="830">\n			<tr>\n		<td>\n<font size="1">\n1. Виріб приймається в ремонт у чистому,  зібраному та укомплектованому вигляді. При здачі в ремонт обговорюється вид ремонту що виконується без узгодження вартості. Оплата за роботу проводиться після виконання ремонту з урахуванням вартості запчастин та вартості роботи за результатом діагностики та попереднього узгодження.<br>\n\n2. Ремонт здійснюється тільки згідно дефекту виявленого при прийманні та перевіряється на заявлений дефект. Якщо дефект не вказаний - перевіряється тільки на включення та працездатність. Сервісний центр не несе відповідальності за можливий прояв в техніці дефектів, не зазначених у квитанції, можливої повної або часткової втрати працездатності апарату або окремих його вузлів і блоків у процесі ремонту; в разі грубих порушень користувачем умов експлуатації апаратури, наявності слідів корозії, потрапляння вологи або механічних ушкоджень, а так само слідів некваліфікованого ремонту апарату, часткову або повну втрату інформації, а також за будь-який прямий або непрямий збиток, понесений клієнтом або третіми особами у разі непрацездатності обладнання.<br>\n\n3. Після ремонту техніки яка не вмикалась при здачі в сервісних центр, усунення всіх виявлених пізніше додаткових дефектів сплачуються окремо.<br>\n\n4. Не приймаються претензії щодо додатково виявлених дефектів після відновлення працездатності пристроїв, що не вмикалися при здачі в ремонт, тому що, не могли бути перевірені до моменту ремонту. (Батарея, блок живлення, блутуз, веб-камера, мікрофон, звукова система, тачпад, USB порти, DVD привод, WiFi модуль, клавіш, екрану тощо)<br>\n\n5. Техніка при видачі обов’язково вмикається в присутності Замовника та демонструються результати ремонту.<br>\n\n6. Гарантія надається тільки на виконану роботу і тільки на усунення вказаної несправності. Якщо при подальшому зверненні в ремонт вийшли з ладу блоки/елементи з іншої категорії або заявлений інший дефект - він сплачується окремо.<br>\n\n\n7. При відмові від ремонту клієнт сплачує діагностику технічного стану апарату в розмірі відповідно до прайсу.<br>\n\n8. За встановлене програмне забезпечення (ліцензійність, працездатність тощо), а також за всі данні які знаходяться на носіях апарату відповідає Замовник.<br>\n\n9. Форс-мажор. Надзвичайна і непереборна подія, що звільняє від відповідальності за виконання даного договору. До таких подій відносяться: стихійні лиха, збройні конфлікти, транспортні проблеми, дії влади, пожежі, потопи, протиправні дії третіх осіб (крадіжки, пошкодження, та все що суперечить чинному законодавству України).<br>\n\n<br>\n		</font>\n		</td>\n	</tr>\n</table>\n\n<table border="0" width="830">\n			<tr>\n		<td>\n<font size="1">\n<center><b>Умови виїзного ремонту</b></center>\n		</font>\n		<font size="1">\n		1. Сервісний Центр надає послуги виїзного ремонту в офісі або квартирі замовника.<br>\n\n		2. Умови ремонту, діагностики, приймання та зберігання техніки повністю відповідають умовам цьому договору.<br>\n\n		3. При виїзному ремонті діагностика будь якої техніки є послуга платна, та складає 200 грн.<br>\n\n		</font>\n		</td>\n	</tr>\n</table>\n\n\n\n<table border="0" width="830">\n			<tr>\n		<td>\n<font size="1">\n<center><b>Види робіт на які не поширюється гарантія</b></center>\n		</font>\n		<font size="1">\n		1. Прошивка bios, зняття пароля.<br>\n\n2. Заміна запобіжників, усунення коротких замикань на будь яких платах.<br>\n\n3. Заміна компонентів, наданих Замовником.<br>\n\n4. Будь які види ремонту, при яких виявлено порушення умов експлуатації техніки (вирвані та потемнілі мікросхеми, вигорілі доріжки, елементи, сліди перегріву і втручання некомпетентних осіб, тощо)<br>\n\n5. Будь які чистки,  апаратна профілактика.<br>\n\n6. Будь які роботи з ремонту залитої техніки.<br>\n\n7. Будь які роботи з ремонту техніки після інших сервісних центрів.<br>\n\n8. Будь які роботи з ремонту техніки з виявленими механічними пошкодженнями (які мають ознаки падіння, ударів, тріщини, відколи корпусу, тощо)<br>\n		</font>\n		</td>\n	</tr>\n</table>\n\n<table border="0" width="830">\n			<tr>\n		<td>\n<font size="1">\n<center><b>Причини відмови у гарантійному ремонті</b></center>\n		</font>\n		<font size="1">\n		1. При порушенні гарантійних пломб, наклейок, стікерів, при виявленні слідів їх переклеювання або ремаркування.<br>\n\n2. При наявності механічних, електротехнічних, хімічних пошкоджень поверхні виробу або його компонентів (видимі зміни кольору компонентів, здутості, відколи, вм''ятини), а також за наявності ушкоджень, викликаних використанням нестандартних витратних матеріалів і запчастин.<br>\n\n3. При пошкодженнях на корпусі виробу, які можуть бути витлумаченні як сліди удару.<br>\n\n4. При порушеннях правил експлуатації (неправильність підключення, подача неправильних напруги живлення, "гаряче" підключення, ігнорування правил електростатичної безпеки тощо).<br>\n\n5. При наявності слідів стороннього втручання або виконання ремонту сторонніми особами;<br>\n\n6. При попаданні всередину виробу сторонніх предметів, рідин, вологи, комах.<br>\n\n7. При внесенні змін у конструкцію виробу.<br>\n\n8. Якщо замовником не було продемонстровано працездатність всіх встановлених периферійних пристроїв апарату під час здачі в ремонт, а саме: батарея, блок живлення, блутуз, веб-камера, мікрофон, звукова система, тачпад, USB порти, DVD привод, WiFi модуль, клавіш, екрану, петель, роз''ємів тощо.<br>\n		</font>\n		</td>\n	</tr>\n</table>\n\n</table>\n\n<table border=\\"0\\" width=\\"830\\">\n <tbody>\n  <tr>\n   <td>\n    З умовами прийому, ремонту, зберігання згоден.<br />\n    [fam] [imya] [otch]</td>\n   <td  left;\\">\n    Представник СЦ&nbsp; [name_sc]</td>\n  </tr>\n  <tr>\n   <td>\n    <br />\n    ___________________________</td>\n   <td>\n    <br />\n    ___________________________</td>\n  </tr>\n </tbody>\n</table>\n'),
(3, 'check', '\n<!DOCTYPE HTML PUBLIC "-//W3C//DTD HTML 4.01 Transitional//EN">\n<html>\n<head>\n	<meta http-equiv="Content-Type" content="text/html; charset=UTF-8">\n	<title>Печать чека СЦ [name_sc] - Ремонт компьютерной и бытовой техники в Киеве</title>\n\n	<script type="text/javascript">\n	var bIsFirebugReady = (!!window.console && !!window.console.log);\n\n	$(document).ready(\n		function (){\n			// update the plug-in version\n			$("#idPluginVersion").text($.Calculation.version);\n\n/*			\n			$.Calculation.setDefaults({\n				onParseError: function(){\n					this.css("backgroundColor", "#cc0000")\n				}\n				, onParseClear: function (){\n					this.css("backgroundColor", "");\n				}\n			});\n*/\n			\n			// bind the recalc function to the quantity fields\n			$("input[id^=price_item_]").bind("keyup", recalc);\n			$("input[name^=qty_item_]").bind("keyup", recalc);\n			\n			// run the calculation function now\n			recalc();\n\n			// automatically update the "#totalSum" field every time\n			// the values are changes via the keyup event\n			$("input[name^=sum]").sum("keyup", "#totalSum");\n			\n			// automatically update the "#totalAvg" field every time\n			// the values are changes via the keyup event\n			$("input[name^=avg]").avg({\n				bind:"keyup"\n				, selector: "#totalAvg"\n				// if an invalid character is found, change the background color\n				, onParseError: function(){\n					this.css("backgroundColor", "#cc0000")\n				}\n				// if the error has been cleared, reset the bgcolor\n				, onParseClear: function (){\n					this.css("backgroundColor", "");\n				}\n			});\n\n			// automatically update the "#minNumber" field every time\n			// the values are changes via the keyup event\n			$("input[name^=min]").min("keyup", "#numberMin");\n\n			// automatically update the "#minNumber" field every time\n			// the values are changes via the keyup event\n			$("input[name^=max]").max("keyup", {\n				selector: "#numberMax"\n				, oncalc: function (value, options){\n					// you can use this to format the value\n					$(options.selector).val(value);\n				}\n			});\n\n			// this calculates the sum for some text nodes\n			$("#idTotalTextSum").click(\n				function (){\n					// get the sum of the elements\n					var sum = $(".textSum").sum();\n\n					// update the total\n					$("#totalTextSum").text("$" + sum.toString());\n				}\n			);\n\n			// this calculates the average for some text nodes\n			$("#idTotalTextAvg").click(\n				function (){\n					// get the average of the elements\n					var avg = $(".textAvg").avg();\n\n					// update the total\n					$("#totalTextAvg").text(avg.toString());\n				}\n			);\n		}\n	);\n	\n	function recalc(){\n		$("[id^=total_item]").calc(\n			// the equation to use for the calculation\n			"qty * price",\n			// define the variables used in the equation, these can be a jQuery object\n			{\n				qty: $("input[name^=qty_item_]"),\n				price: $("[id^=price_item_]")\n			},\n			// define the formatting callback, the results of the calculation are passed to this function\n			function (s){\n				// return the number as a dollar amount\n				return s.toFixed(2);\n			},\n			// define the finish callback, this runs after the calculation has been complete\n			function ($this){\n				// sum the total of the $("[id^=total_item]") selector\n				var sum = $this.sum();\n				\n				$("#grandTotal").text(\n					// round the results to 2 digits\n					sum.toFixed(2) + "грн. БЕЗ ПДВ."\n				);\n			}\n		);\n	}\n	\n	\n\n	\n	\n	</script>\n\n	<style type="text/css">\n		#testForm {\n			width: 800px;\n		}\n\n		code {\n			background-color: #e0e0e0;\n		}\n\n		#formContent p {\n			clear: both;\n			min-height: 20px;\n		}\n\n		#idCheckboxMsg{\n			color: red;\n			font-weight: bold;\n		}\n\n		#totalTextSum,\n		.textSum,\n		#totalTextAvg,\n		.textAvg {\n			border: 1px solid black;\n			padding: 2px;\n		}\n		\n		#panel {    \n			overflow: hidden;\n			\n			padding: 5px;\n			\n			}\n		.panel {\n			\n			}\n		.panel {\n			\n			}\n				\n	</style>\n\n</head>\n<body>\n\n<table border="0" width="100%" id="table3">\n	<tr>\n		<td><font size="5">Сервісний Центр </font> <i><b><font size="5">[name_sc] - Ремонт компьютерной и бытовой техники в Киеве</font></b></i><p>\n<font style="font-size: 12pt">[adres_sc] </font> <br>\n</p>\n<p>\n[phone_sc]</p>\n\n\n<p align="center">\n&nbsp;&nbsp;\n<b>ТОВАРНИЙ ЧЕК</b> \n№ [nomer_kvitancy] від [date]</p>\n		<p>&nbsp;</td>\n	</tr>\n</table>\n			<hr />\n<table>\n			<table width="500">\n				<col style="width: 50px;" />\n				<col />\n				<col style="width: 60px;" />\n				<col style="width: 110px;" />\n				<tr>\n					\n					<th align="center">\n						Найменування\n					</th>\n					<th>\n						Кількість\n					</th>\n					<th>\n						Ціна\n					</th>\n					<th>\n						Сума\n					</th>\n				</tr>\n				\n				<tr>\n					\n					<td>\n						<input type="text" size="100" value="Ремонт [чего именно нужно написать,например, материнской платы] [id_aparat] [id_proizvod] [model]"</input>\n					</td>\n					<td align="center">\n						<input type="text" name="qty_item_1" id="qty_item_1" value="1" size="2" />\n					</td>\n					<td align="center">\n						<input   size="5"  id="price_item_1 type="text"></input>\n					</td>\n					<td align="center" id="total_item_1">\n						\n					</td>\n				</tr>\n		\n		\n				\n				\n				\n				\n				<tr>\n				\n				\n					\n					<td>\n						<input type="text" size="100"</input>\n					</td>\n					<td align="center">\n						<input type="text" name="qty_item_2" id="qty_item_2" size="2" />\n					</td>\n					<td align="center">\n						<input size="5" id="price_item_2 type="text"></input>\n					</td>\n					<td align="center" id="total_item_2">\n						\n					</td>\n		\n				</tr>\n\n\n				\n				<tr>\n				\n				\n					\n					<td>\n						<input type="text" size="100"</input>\n					</td>\n					<td align="center">\n						<input type="text" name="qty_item_3" id="qty_item_3" size="2" />\n					</td>\n					<td align="center">\n						<input size="5" id="price_item_3 type="text"></input>\n					</td>\n					<td align="center" id="total_item_3">\n						\n					</td>\n		\n				</tr>\n				\n				\n				\n				<tr>\n				\n				\n					\n					<td>\n						<input type="text" size="100"</input>\n					</td>\n					<td align="center">\n						<input type="text" name="qty_item_4" id="qty_item_4" size="2" />\n					</td>\n					<td align="center">\n						<input size="5" id="price_item_4 type="text"></input>\n					</td>\n					<td align="center" id="total_item_4">\n						\n					</td>\n		\n				</tr>\n				\n				\n				\n				<tr>\n					<td colspan="3" align="right">\n						<strong>Всього:</strong>\n					</td>\n					<td align="center" id="grandTotal">\n					</td>\n				</tr>\n			</table>\n	\n		<hr />\n	</fieldset>\n	\n\n<input type="text" value="Гарантія:" size="200"</input>\n\n		<center><b>Види робіт на які не поширюється гарантія</b></center>\n		<table border="0" width="830">\n            <tbody><tr>\n        <td>\n        1. Прошивка bios, зняття пароля.<br>\n2. Заміна запобіжників, усунення коротких замикань на будь яких платах.<br>\n3. Заміна компонентів, наданих Замовником.<br>\n4. Будь які види ремонту, при яких виявлено порушення умов експлуатації техніки (вирвані та потемнілі мікросхеми, вигорілі доріжки, елементи, сліди перегріву і втручання некомпетентних осіб, тощо)<br>\n5. Будь які чистки,  апаратна профілактика.<br>\n6. Будь які роботи з ремонту залитої техніки.<br>\n7. Будь які роботи з ремонту техніки після інших сервісних центрів.<br>\n8. Будь які роботи з ремонту техніки з виявленими механічними пошкодженнями (які мають ознаки падіння, ударів, тріщини, відколи корпусу, тощо)<br>\n        </td>\n    </tr>\n</tbody></table>\n<center><b>Причини відмови у гарантійному ремонті</b></center>\n\n<table border="0" width="830">\n            <tbody><tr>\n        <td>\n        1. При порушенні гарантійних пломб, наклейок, стікерів, при виявленні слідів їх переклеювання або резкштмаркування.<br>\n2. При наявності механічних, електротехнічних, хімічних пошкоджень поверхні виробу або його компонентів (видимі зміни кольору компонентів, здутості, відколи, вм''ятини), а також за наявності ушкоджень, викликаних використанням нестандартних витратних матеріалів і запчастин.<br>\n3. При пошкодженнях на корпусі виробу, які можуть бути витлумаченні як сліди удару.<br>\n4. При порушеннях правил експлуатації (неправильність підключення, подача неправильної напруги живлення, "гаряче" підключення, ігнорування правил електростатичної безпеки тощо).<br>\n5. При наявності слідів стороннього втручання або виконання ремонту сторонніми особами;<br>\n6. При попаданні всередину виробу сторонніх предметів, рідин, вологи, комах.<br>\n7. При внесенні змін у конструкцію виробу.<br>\n8. Якщо замовником не було продемонстровано працездатність всіх встановлених периферійних&nbsp;пристроїв апарату під час здачі&nbsp;в ремонт, а саме:&nbsp;батарея,&nbsp;блок живлення, блутуз, веб-камера, мікрофон, звукова система, тачпад, USB&nbsp;порти,&nbsp;DVD&nbsp;привод, WiFi модуль, клавіш, екрану, петель, роз''ємів&nbsp;тощо.<br>\n        </td>\n    </tr>\n\n\n<tr>\n<td>\n\n		Гарантія надається ТІЛЬКИ на виконанну роботу, а не на весь пристрій \n		вцілому. <br>\n		<br>\n		Техніку оглянув, перевірив та отримав.<span lang="ru"> </span> <br>\n		[fam] [imya] [otch], тел.: [phone], [adres] <br>\n		Претензій не маю __________________________ \n</td>\n</tr>\n</tbody></table>\n\n</body>\n</html>\n\n'),
(29, 'work_type', '1'),
(28, 'tickets_per_page', '50'),
(30, 'session', '');

-- --------------------------------------------------------

--
-- Структура таблицы `sost_remonta`
--

CREATE TABLE IF NOT EXISTS `sost_remonta` (
  `id_sost` int(4) NOT NULL,
  `name_sost` text,
  `background` varchar(20) NOT NULL,
  `type` int(1) DEFAULT '1',
  `call2client` int(1) DEFAULT '0'
) ENGINE=MyISAM AUTO_INCREMENT=27 DEFAULT CHARSET=cp1251;

--
-- Дамп данных таблицы `sost_remonta`
--

INSERT INTO `sost_remonta` (`id_sost`, `name_sost`, `background`, `type`, `call2client`) VALUES
(1, 'Новый', '#999999', 1, 0),
(3, 'Ожидает запчасть', '#666633', 1, 0),
(4, 'Готов', '#006666', 1, 0),
(5, 'Без ремонта', '#dedede', 1, 0),
(7, 'Выдан без ремонта', '#696969', 0, 0),
(8, 'Списан на запчасти', '#696969', 0, 0),
(9, 'Согласовать цену', '#FF6600', 1, 1),
(10, 'Позвонить клиенту', '#DEB887', 1, 1),
(11, 'На тесте', '#CCCC00', 1, 1),
(2, 'В работе', '#8B0000', 1, 0),
(6, 'Выдан с ремонтом', '#006400', 0, 0),
(24, 'Клиент думает', '#D02090', 1, 0),
(25, 'Ожидаем оплату', '#8B4726', 1, 0),
(26, 'Ожидает доставку', '#DC143C', 1, 0);

-- --------------------------------------------------------

--
-- Структура таблицы `store`
--

CREATE TABLE IF NOT EXISTS `store` (
  `id` int(4) NOT NULL,
  `name` text NOT NULL,
  `id_aparat` int(4) NOT NULL DEFAULT '0',
  `id_aparat_p` int(4) NOT NULL DEFAULT '0',
  `id_proizvod` int(4) NOT NULL DEFAULT '0',
  `model` text,
  `serial` text,
  `vid` text,
  `id_sost` int(1) NOT NULL DEFAULT '1',
  `user_id` int(4) DEFAULT '1',
  `date_priemka` date DEFAULT '0000-00-00',
  `date_vydachi` date DEFAULT '0000-00-00',
  `cost` float NOT NULL DEFAULT '0',
  `price` float NOT NULL DEFAULT '0',
  `status` int(1) DEFAULT '1',
  `id_kvitancy` int(8) DEFAULT NULL,
  `update_user` int(8) DEFAULT NULL,
  `update_time` varchar(100) DEFAULT NULL,
  `id_resp` int(8) DEFAULT NULL,
  `id_from` varchar(100) DEFAULT NULL,
  `id_where` int(1) NOT NULL,
  `id_sc` int(2) NOT NULL,
  `text` text
) ENGINE=MyISAM AUTO_INCREMENT=454 DEFAULT CHARSET=cp1251;

--
-- Дамп данных таблицы `store`
--

INSERT INTO `store` (`id`, `name`, `id_aparat`, `id_aparat_p`, `id_proizvod`, `model`, `serial`, `vid`, `id_sost`, `user_id`, `date_priemka`, `date_vydachi`, `cost`, `price`, `status`, `id_kvitancy`, `update_user`, `update_time`, `id_resp`, `id_from`, `id_where`, `id_sc`, `text`) VALUES
(1, 'обратный клапан', 32, 408, 0, '', '', '', 1, 13, '2016-11-24', '0000-00-00', 115, 115, 0, 171187, 13, '24-11-2016, 12:02:28', 13, '1', 1, 1, NULL),
(2, 'петли dell 1520', 7, 337, 0, '', '', '', 1, 13, '2016-11-24', '0000-00-00', 410, 410, 0, 171193, 13, '24-11-2016, 12:55:22', 13, '1', 1, 1, NULL),
(3, 'модуль с сборе', 8, 478, 0, '', '', '', 1, 13, '2016-11-24', '0000-00-00', 1200, 1200, 0, 171186, 13, '24-11-2016, 13:23:57', 13, '1', 1, 1, NULL),
(4, 'модуль с сборе', 8, 478, 0, '', '', '', 1, 13, '2016-11-24', '0000-00-00', 1200, 1200, 0, 171188, 13, '24-11-2016, 19:25:41', 13, '1', 1, 1, NULL),
(5, 'ремкомплект для крана капучинатора', 80, 637, 0, '', '', '', 1, 13, '2016-11-25', '0000-00-00', 81, 81, 0, 171189, 13, '25-11-2016, 13:02:18', 13, '1', 1, 1, NULL),
(6, 'подставка нижнаяя для saeco odea', 80, 776, 0, '', '', '', 1, 13, '2016-11-25', '0000-00-00', 285, 285, 0, 171189, 13, '25-11-2016, 17:19:32', 13, '1', 1, 1, NULL),
(7, 'кофевод для saeco odea', 80, 777, 0, '', '', '', 1, 13, '2016-11-25', '0000-00-00', 240, 240, 0, 171189, 13, '25-11-2016, 17:20:29', 13, '1', 1, 1, NULL),
(8, 'Комплект жернова bosch', 80, 711, 0, '', '', '', 1, 13, '2016-11-25', '0000-00-00', 630, 630, 0, 171192, 13, '25-11-2016, 17:21:39', 13, '1', 1, 1, NULL),
(9, 'сенсор черный', 8, 483, 0, '', '', '', 1, 13, '2016-11-26', '0000-00-00', 500, 500, 0, 171197, 13, '26-11-2016, 10:48:26', 13, '1', 1, 1, NULL),
(10, 'вер 1.0 тачскрин', 22, 380, 0, '', '', '', 1, 13, '2016-12-03', '0000-00-00', 470, 470, 0, 171206, 13, '03-12-2016, 16:18:32', 13, '1', 1, 1, NULL),
(11, 'клалан сброса давления клапан 419992 или Bosch 605865', 80, 640, 168, '', 'нет', 'нет', 1, 13, '2016-12-05', '0000-00-00', 220, 0, 2, 171196, 13, '08-12-2016, 14:55:40', 13, '1', 1, 1, NULL),
(12, 'клалан сброса давления клапан 419992 или Bosch 605865', 80, 640, 168, '', 'нет', 'нет', 1, 13, '2016-12-05', '0000-00-00', 220, 0, 2, 171469, 13, '15-02-2017, 11:34:30', 13, '1', 1, 1, NULL),
(13, 'Cоединение прямое', 80, 738, 168, '', 'нет', 'новый', 1, 13, '2016-12-05', '0000-00-00', 100, 0, 1, NULL, 13, '5-12-2016, 18:40:55', 13, '1', 1, 1, NULL),
(14, 'Cоединение прямое', 80, 738, 168, '', 'нет', 'новый', 1, 13, '2016-12-05', '0000-00-00', 100, 0, 0, NULL, 13, '08-12-2016, 14:56:18', 13, '1', 1, 1, 'наша сименс'),
(15, 'Входной штуцер заварного устройства Odea-Talea', 80, 678, 78, '', 'нет', 'новый', 1, 13, '2016-12-05', '0000-00-00', 115, 0, 2, 171203, 13, '07-12-2016, 12:17:09', 13, '1', 1, 1, NULL),
(16, 'шлейф с микрофоном и кнопками', 22, 395, 0, '', '', '', 1, 13, '2016-12-07', '0000-00-00', 150, 150, 0, 171215, 13, '07-12-2016, 12:26:31', 13, '1', 1, 1, NULL),
(17, 'пара шестерней', 80, 720, 78, '', 'нет', 'новы', 1, 13, '2016-12-08', '0000-00-00', 260, 0, 2, 171221, 13, '10-12-2016, 18:49:58', 13, '1', 1, 1, NULL),
(18, 'ремкомплект 5 резинов для Odea/Talea', 80, 637, 78, '', 'нет', 'новый', 1, 13, '2016-12-08', '0000-00-00', 90, 0, 2, 171218, 13, '09-12-2016, 09:24:20', 13, '1', 1, 1, NULL),
(19, 'ремкомплект 5 резинов для Odea/Talea', 80, 637, 78, '', 'нет', 'новый', 1, 13, '2016-12-08', '0000-00-00', 90, 0, 2, 171221, 13, '10-12-2016, 18:49:39', 13, '1', 1, 1, NULL),
(20, 'ремкомплект 5 резинов для Odea/Talea', 80, 637, 78, '', 'нет', 'новый', 1, 13, '2016-12-08', '0000-00-00', 90, 0, 2, 171309, 13, '29-12-2016, 18:42:26', 13, '1', 1, 1, NULL),
(349, 'g84-625-a2', 7, 487, 0, '', '', '', 1, 13, '2017-09-15', '0000-00-00', 400, 400, 0, 172151, 13, '15-09-2017, 13:07:45', 13, '1', 1, 1, NULL),
(22, 'на кран воды переходник', 80, 738, 0, '', '', '', 1, 13, '2016-12-09', '0000-00-00', 120, 120, 0, 171218, 13, '09-12-2016, 17:10:33', 13, '1', 1, 1, NULL),
(23, '216-0752001', 7, 487, 0, '', 'нет', 'новый', 1, 13, '2016-12-09', '0000-00-00', 900, 0, 2, 171230, 13, '14-12-2016, 21:06:15', 13, '1', 1, 1, NULL),
(24, '215-0752007', 7, 487, 0, '', 'нет', 'новый', 1, 13, '2016-12-09', '0000-00-00', 900, 0, 2, 171229, 13, '13-12-2016, 10:19:02', 13, '1', 1, 1, NULL),
(25, 'нижний шлейф черный', 8, 481, 0, '', '', '', 1, 13, '2016-12-10', '0000-00-00', 120, 120, 0, 171237, 13, '10-12-2016, 12:41:08', 13, '1', 1, 1, NULL),
(26, 'переходник для капучинатора', 80, 738, 0, '', '', '', 1, 13, '2016-12-10', '0000-00-00', 120, 120, 0, 171221, 13, '10-12-2016, 18:52:54', 13, '1', 1, 1, NULL),
(27, 'новая жернова bosch / jura', 80, 711, 59, '', 'нет', '', 1, 13, '2016-12-12', '0000-00-00', 640, 0, 2, 171236, 13, '14-12-2016, 18:32:08', 13, '1', 1, 1, NULL),
(28, 'новая жернова bosch / jura', 80, 711, 59, '', 'нет', '', 1, 13, '2016-12-12', '0000-00-00', 640, 0, 2, 171231, 13, '14-12-2016, 18:34:14', 13, '1', 1, 1, NULL),
(29, 'сенсор', 22, 380, 0, '', '', '', 1, 13, '2016-12-12', '0000-00-00', 930, 930, 0, 171225, 13, '12-12-2016, 15:13:06', 13, '1', 1, 1, NULL),
(30, 'сенсор', 22, 380, 0, '', '', '', 1, 13, '2016-12-12', '0000-00-00', 940, 940, 0, 171242, 13, '12-12-2016, 15:14:04', 13, '1', 1, 1, NULL),
(31, 'матрица', 22, 376, 0, '', '', '', 1, 13, '2016-12-12', '0000-00-00', 940, 940, 2, 171206, 13, '12-12-2016, 15:24:59', 13, '1', 1, 1, NULL),
(32, 'нижний держатель жерновов', 80, 674, 0, '', '', '', 1, 13, '2016-12-14', '0000-00-00', 100, 100, 0, 171252, 13, '14-12-2016, 13:36:02', 13, '1', 1, 1, NULL),
(33, 'кран капучинатора в сборе для esam 3000', 80, 778, 0, '', '', '', 1, 13, '2016-12-14', '0000-00-00', 400, 400, 0, 171249, 13, '14-12-2016, 13:36:53', 13, '1', 1, 1, NULL),
(34, 'пара шестерней', 80, 720, 0, '', '', '', 1, 13, '2016-12-15', '0000-00-00', 150, 150, 0, 171256, 13, '15-12-2016, 19:40:08', 13, '1', 1, 1, NULL),
(35, 'переходник', 80, 738, 0, '', '', '', 1, 13, '2016-12-15', '0000-00-00', 100, 100, 0, 171249, 13, '15-12-2016, 19:41:02', 13, '1', 1, 1, NULL),
(36, 'сенсор', 22, 380, 0, '', '', '', 1, 13, '2016-12-15', '0000-00-00', 435, 435, 0, 171226, 13, '15-12-2016, 19:44:36', 13, '1', 1, 1, NULL),
(37, 'корпус у людки на карах взяли', 7, 335, 0, '', '', '', 0, 13, '2016-12-17', '0000-00-00', 300, 300, 0, 171268, 13, '17-12-2016, 17:06:26', 13, '1', 1, 1, NULL),
(38, 'на юкофе', 80, 678, 0, '', '', '', 0, 13, '2016-12-17', '0000-00-00', 160, 160, 0, 171249, 13, '17-12-2016, 17:12:44', 13, '1', 1, 1, NULL),
(39, 'сенсор', 22, 380, 0, '', '', '', 1, 13, '2016-12-17', '0000-00-00', 240, 240, 0, 171255, 13, '17-12-2016, 17:16:57', 13, '1', 1, 1, NULL),
(40, 'бойлер новый експерт', 80, 690, 0, '', '', '', 1, 13, '2016-12-19', '0000-00-00', 1300, 1300, 0, 171263, 13, '19-12-2016, 15:35:49', 13, '1', 1, 1, NULL),
(41, 'тач новый купили на мобиле+', 22, 380, 0, '', '', '', 1, 12, '2016-12-19', '0000-00-00', 325, 325, 0, 171270, 12, '19-12-2016, 15:45:11', 12, '1', 1, 1, NULL),
(42, 'капучинатор в сборе с резинками', 80, 644, 0, '', '', '', 1, 13, '2016-12-20', '0000-00-00', 450, 450, 0, 171277, 13, '20-12-2016, 15:48:49', 13, '1', 1, 1, NULL),
(43, 'новая клава дфай андрей 210 грн', 7, 338, 0, '', '', '', 1, 13, '2016-12-20', '0000-00-00', 210, 210, 0, 171281, 13, '20-12-2016, 17:43:35', 13, '1', 1, 1, NULL),
(44, '2й сенсор взяли', 22, 380, 0, '', '', '', 1, 13, '2016-12-23', '0000-00-00', 940, 940, 0, 171242, 13, '23-12-2016, 11:32:08', 13, '1', 1, 1, NULL),
(45, 'купили на эксперте', 80, 640, 0, '', '', '', 1, 13, '2016-12-27', '0000-00-00', 335, 335, 0, 171290, 13, '27-12-2016, 15:03:50', 13, '1', 1, 1, NULL),
(46, 'купили у юры за 980 грн', 22, 380, 0, '', '', '', 1, 13, '2016-12-29', '0000-00-00', 1000, 1000, 0, 171307, 13, '29-12-2016, 09:19:51', 13, '1', 1, 1, NULL),
(47, 'купил плата донор за 300', 7, 342, 0, '', '', '', 0, 13, '2016-12-29', '0000-00-00', 300, 300, 0, 171310, 13, '29-12-2016, 13:45:16', 13, '1', 1, 1, NULL),
(48, 'трубка высокого давления', 32, 779, 0, '', '', '', 1, 13, '2016-12-29', '0000-00-00', 120, 120, 0, 171304, 13, '29-12-2016, 20:28:48', 13, '1', 1, 1, NULL),
(49, 'манжета на бак с водой', 80, 780, 0, '', '', '', 1, 13, '2017-01-03', '0000-00-00', 20, 20, 0, 171306, 13, '03-01-2017, 09:46:44', 13, '1', 1, 1, NULL),
(50, 'пара щеток двигателя кофемолки', 80, 781, 0, '', '', '', 1, 13, '2017-01-04', '0000-00-00', 50, 50, 0, 171317, 13, '04-01-2017, 12:06:27', 13, '1', 1, 1, NULL),
(51, 'кнопка вкл не юкофе', 80, 661, 0, '', '', '', 1, 13, '2017-01-05', '0000-00-00', 100, 100, 0, 171317, 13, '05-01-2017, 16:53:35', 13, '1', 1, 1, NULL),
(52, 'Siemens 00636486 - Вставка в заварочный блок кофемашины', 80, 782, 0, '', '', '', 1, 13, '2017-01-06', '0000-00-00', 125, 125, 0, 171331, 13, '06-01-2017, 12:16:14', 13, '1', 1, 1, NULL),
(53, 'верхний поршень зу, кольцо, пружина, клапан', 80, 783, 0, '', '', '', 1, 13, '2017-01-11', '0000-00-00', 320, 320, 0, 171351, 13, '11-01-2017, 19:24:07', 13, '1', 1, 1, NULL),
(54, 'резинка в дренажный клапан 5euro', 80, 697, 0, '', '', '', 1, 13, '2017-01-14', '0000-00-00', 155, 155, 0, 171352, 13, '14-01-2017, 16:20:47', 13, '1', 1, 1, NULL),
(55, 'уплотнитель под бункер воды', 80, 697, 0, '', '', '', 1, 13, '2017-01-14', '0000-00-00', 75, 75, 0, 171365, 13, '14-01-2017, 16:22:29', 13, '1', 1, 1, NULL),
(56, 'резинка на носик бойлера', 80, 697, 0, '', '', '', 1, 13, '2017-01-14', '0000-00-00', 40, 40, 0, 171352, 13, '14-01-2017, 16:24:06', 13, '1', 1, 1, NULL),
(57, 'резинка на клапан носика', 80, 697, 0, '', '', '', 1, 13, '2017-01-14', '0000-00-00', 40, 40, 0, 171357, 13, '14-01-2017, 16:25:52', 13, '1', 1, 1, NULL),
(58, 'втулка в бойдер', 32, 784, 0, '', '', '', 1, 13, '2017-01-14', '0000-00-00', 60, 60, 0, 171360, 13, '14-01-2017, 16:27:07', 13, '1', 1, 1, NULL),
(59, 'расклепали бойлер на юкофе', 32, 403, 0, '', '', '', 1, 13, '2017-01-14', '0000-00-00', 100, 100, 0, 171350, 13, '14-01-2017, 16:27:53', 13, '1', 1, 1, NULL),
(60, 'клапан от odea переделали', 80, 640, 0, '', '', '', 1, 13, '2017-01-17', '0000-00-00', 450, 450, 0, 171357, 13, '17-01-2017, 11:02:50', 13, '1', 1, 1, NULL),
(61, 'купили плату на запчасти', 7, 342, 0, '', '', '', 0, 13, '2017-01-17', '0000-00-00', 220, 220, 0, 171283, 13, '17-01-2017, 12:51:39', 13, '1', 1, 1, NULL),
(62, 'купили в днепре новую плату', 80, 655, 0, '', '', '', 1, 13, '2017-01-17', '0000-00-00', 2000, 2000, 0, 171302, 13, '17-01-2017, 15:53:06', 13, '1', 1, 1, NULL),
(63, 'корпус новый у людки', 7, 335, 0, '', '', '', 1, 13, '2017-01-17', '0000-00-00', 450, 450, 0, 171374, 13, '17-01-2017, 19:55:24', 13, '1', 1, 1, NULL),
(64, 'новый разъем', 7, 653, 0, '', '', '', 1, 13, '2017-01-17', '0000-00-00', 100, 100, 0, 171374, 13, '17-01-2017, 19:55:42', 13, '1', 1, 1, NULL),
(65, 'дренажный новый', 80, 640, 0, '', '', '', 1, 13, '2017-01-18', '0000-00-00', 700, 700, 0, 171352, 13, '18-01-2017, 14:51:50', 13, '1', 1, 1, NULL),
(66, 'кран капучинатора вова купил', 80, 778, 0, '', '', '', 1, 13, '2017-01-19', '0000-00-00', 850, 850, 0, 171383, 13, '19-01-2017, 17:36:17', 13, '1', 1, 1, NULL),
(67, 'сенсор анд купил мобиплюс', 22, 380, 0, '', '', '', 1, 13, '2017-01-19', '0000-00-00', 250, 250, 0, 171381, 13, '19-01-2017, 20:56:38', 13, '1', 1, 1, NULL),
(355, '1 нож керамик', 80, 711, 0, '', '', '', 1, 13, '2017-09-22', '0000-00-00', 370, 370, 0, 172219, 13, '22-09-2017, 19:01:38', 13, '1', 1, 1, NULL),
(354, 'новый мотор', 57, 799, 0, '', '', '', 1, 13, '2017-09-21', '0000-00-00', 400, 400, 0, 172189, 13, '21-09-2017, 18:11:52', 13, '1', 1, 1, NULL),
(353, 'новый капучинатор', 80, 644, 0, '', '', '', 1, 13, '2017-09-19', '0000-00-00', 450, 450, 0, 172209, 13, '19-09-2017, 14:38:52', 13, '1', 1, 1, NULL),
(352, 'на алспаре', 22, 791, 0, '', '', '', 1, 13, '2017-09-19', '0000-00-00', 360, 360, 0, 172203, 13, '19-09-2017, 14:16:33', 13, '1', 1, 1, NULL),
(351, 'алспар', 8, 117, 0, '', '', '', 1, 13, '2017-09-18', '0000-00-00', 410, 410, 0, 172201, 13, '18-09-2017, 16:10:17', 13, '1', 1, 1, NULL),
(350, 'новый 2бар', 80, 640, 0, '', '', '', 1, 13, '2017-09-15', '0000-00-00', 250, 250, 0, 172184, 13, '15-09-2017, 17:26:53', 13, '1', 1, 1, NULL),
(347, 'новый дренажник', 80, 696, 59, '', '', '', 1, 13, '2017-09-12', '0000-00-00', 500, 0, 1, NULL, 13, '12-09-2017, 11:08:12', 13, '1', 1, 1, NULL),
(346, 'новый сенсор', 22, 791, 0, '', '', '', 1, 13, '2017-09-11', '0000-00-00', 400, 400, 0, 172087, 13, '11-09-2017, 19:29:02', 13, '1', 1, 1, NULL),
(345, '11012247', 80, 738, 0, '', '', '', 1, 13, '2017-09-08', '0000-00-00', 200, 200, 0, 172150, 13, '08-09-2017, 11:18:50', 13, '1', 1, 1, NULL),
(344, 'новый мотор 2кВт', 57, 799, 0, '', '', '', 1, 13, '2017-09-08', '0000-00-00', 420, 420, 0, 172139, 13, '08-09-2017, 11:01:50', 13, '1', 1, 1, NULL),
(343, 'петли', 7, 337, 0, '', '', '', 1, 13, '2017-09-07', '0000-00-00', 130, 130, 0, 172133, 13, '07-09-2017, 10:16:50', 13, '1', 1, 1, NULL),
(342, 'новый сенсор', 22, 791, 0, '', '', '', 1, 13, '2017-09-07', '0000-00-00', 320, 320, 0, 172087, 13, '07-09-2017, 10:04:50', 13, '1', 1, 1, NULL),
(341, 'батарея', 22, 664, 0, '', '', '', 1, 13, '2017-09-07', '0000-00-00', 200, 200, 0, 172087, 13, '07-09-2017, 10:04:01', 13, '1', 1, 1, NULL),
(340, '1', 7, 341, 0, '', '', '', 1, 11, '2017-08-30', '0000-00-00', 130, 130, 0, 172072, 11, '30-08-2017, 12:39:12', 11, '1', 1, 1, NULL),
(339, '160ка бу людка', 7, 603, 0, '', '', '', 0, 13, '2017-08-26', '0000-00-00', 350, 350, 0, 172090, 13, '26-08-2017, 16:02:26', 13, '1', 1, 1, NULL),
(338, 'трубку 460мм говая', 80, 793, 0, '', '', '', 1, 13, '2017-08-25', '0000-00-00', 270, 270, 0, 172085, 13, '25-08-2017, 15:02:26', 13, '1', 1, 1, NULL),
(337, 'бу бойлер на насте взяли', 80, 690, 0, '', '', '', 0, 13, '2017-08-23', '0000-00-00', 410, 410, 0, 172083, 13, '23-08-2017, 12:10:12', 13, '1', 1, 1, NULL),
(336, 'чип', 7, 487, 0, '', '', '', 1, 13, '2017-08-21', '0000-00-00', 180, 180, 0, 172033, 13, '21-08-2017, 17:17:05', 13, '1', 1, 1, NULL),
(335, 'сенсор', 22, 791, 0, '', '', '', 1, 13, '2017-08-21', '0000-00-00', 250, 250, 0, 172075, 13, '21-08-2017, 16:13:29', 13, '1', 1, 1, NULL),
(334, 'шлейф кнопки вкл и громкости', 8, 481, 0, '', '', '', 1, 13, '2017-08-21', '0000-00-00', 110, 110, 0, 172081, 13, '21-08-2017, 16:00:39', 13, '1', 1, 1, NULL),
(348, 'новый', 22, 791, 0, '', '', '', 1, 13, '2017-09-13', '0000-00-00', 200, 200, 0, 172171, 13, '13-09-2017, 12:27:21', 13, '1', 1, 1, NULL),
(333, 'пара шестернеь', 80, 720, 0, '', '', '', 1, 13, '2017-08-19', '0000-00-00', 120, 120, 0, 172073, 13, '19-08-2017, 14:09:35', 13, '1', 1, 1, NULL),
(331, '2 микрика в редуктор', 80, 801, 0, '', '', '', 1, 13, '2017-08-19', '0000-00-00', 80, 80, 0, 172068, 13, '19-08-2017, 10:07:11', 13, '1', 1, 1, NULL),
(330, 'пара шестерень', 80, 720, 0, '', '', '', 1, 13, '2017-08-19', '0000-00-00', 120, 120, 0, 172068, 13, '19-08-2017, 10:06:38', 13, '1', 1, 1, NULL),
(329, 'пара шестерень', 80, 720, 0, '', '', '', 1, 13, '2017-08-19', '0000-00-00', 120, 120, 1, 0, 13, '19-08-2017, 10:07:39', 13, '1', 1, 1, NULL),
(328, 'пара шестерень', 80, 720, 0, '', '', '', 1, 13, '2017-08-18', '0000-00-00', 120, 120, 0, 172058, 13, '18-08-2017, 16:39:07', 13, '1', 1, 1, NULL),
(327, 'новый акум 2300', 22, 664, 0, '', '', '', 1, 13, '2017-08-18', '0000-00-00', 120, 120, 0, 172067, 13, '18-08-2017, 14:39:26', 13, '1', 1, 1, NULL),
(326, 'новій мост интел', 7, 487, 0, '', '', '', 1, 13, '2017-08-15', '0000-00-00', 180, 180, 0, 172033, 13, '15-08-2017, 18:02:46', 13, '1', 1, 1, NULL),
(325, 'новый шим зарядки', 22, 800, 0, '', '', '', 1, 13, '2017-08-07', '0000-00-00', 100, 100, 0, 171943, 13, '07-08-2017, 10:30:28', 13, '1', 1, 1, NULL),
(324, 'новый тран с предик', 80, 630, 0, '', '', '', 1, 13, '2017-08-02', '0000-00-00', 100, 100, 0, 171972, 13, '02-08-2017, 16:22:35', 13, '1', 1, 1, NULL),
(323, 'новая чимей', 7, 623, 0, '', '', '', 1, 13, '2017-08-02', '0000-00-00', 1250, 1250, 0, 172002, 13, '02-08-2017, 10:04:37', 13, '1', 1, 1, NULL),
(322, 'новый поддон', 80, 776, 0, '', '', '', 1, 13, '2017-07-31', '0000-00-00', 355, 355, 0, 171974, 13, '31-07-2017, 09:21:18', 13, '1', 1, 1, NULL),
(321, 'ремонт платы на юкофе', 80, 655, 0, '', '', '', 1, 13, '2017-07-28', '0000-00-00', 760, 760, 0, 171954, 13, '28-07-2017, 09:54:04', 13, '1', 1, 1, NULL),
(320, 'блок питания китай', 7, 351, 0, '', '', '', 1, 13, '2017-07-28', '0000-00-00', 190, 190, 0, 171984, 13, '28-07-2017, 09:09:49', 13, '1', 1, 1, NULL),
(319, 'держатель нижний жернов', 80, 796, 0, '', '', '', 1, 13, '2017-07-25', '0000-00-00', 50, 50, 0, 171967, 13, '25-07-2017, 16:44:36', 13, '1', 1, 1, NULL),
(318, 'новый чип 7001', 7, 487, 0, '', '', '', 1, 13, '2017-07-25', '0000-00-00', 500, 500, 0, 171950, 13, '25-07-2017, 09:16:53', 13, '1', 1, 1, NULL),
(317, 'новый черный', 80, 644, 0, '', '', '', 1, 13, '2017-07-24', '0000-00-00', 300, 300, 0, 171955, 13, '24-07-2017, 11:00:23', 13, '1', 1, 1, NULL),
(316, 'шим зарядки', 22, 800, 0, '', '', '', 1, 13, '2017-07-24', '0000-00-00', 100, 100, 0, 171943, 13, '24-07-2017, 09:34:41', 13, '1', 1, 1, NULL),
(315, 'петли', 7, 337, 0, '', '', '', 1, 13, '2017-07-21', '0000-00-00', 500, 500, 0, 171944, 13, '21-07-2017, 14:37:37', 13, '1', 1, 1, NULL),
(314, 'новый мотор', 57, 799, 0, '', '', '', 1, 13, '2017-07-21', '0000-00-00', 500, 500, 0, 171951, 13, '21-07-2017, 14:18:11', 13, '1', 1, 1, NULL),
(313, 'новій белій сенсор', 22, 791, 0, '', '', '', 1, 13, '2017-07-20', '0000-00-00', 200, 200, 0, 171940, 13, '20-07-2017, 15:52:11', 13, '1', 1, 1, NULL),
(312, 'переноска 220в', 80, 796, 0, '', '', '', 1, 13, '2017-07-19', '0000-00-00', 70, 70, 0, 171931, 13, '19-07-2017, 15:02:32', 13, '1', 1, 1, NULL),
(311, 'манжета в бак воды', 80, 780, 0, '', '', '', 1, 13, '2017-07-17', '0000-00-00', 60, 60, 0, 171921, 13, '17-07-2017, 19:11:20', 13, '1', 1, 1, NULL),
(310, 'бу керамические жернова', 80, 674, 0, '', '', '', 1, 13, '2017-07-17', '0000-00-00', 500, 500, 0, 171928, 13, '17-07-2017, 19:02:16', 13, '1', 1, 1, NULL),
(309, '2шт в ЗУ', 80, 697, 0, '', '', '', 1, 13, '2017-07-08', '0000-00-00', 60, 60, 0, 171895, 13, '08-07-2017, 10:30:22', 13, '1', 1, 1, NULL),
(308, 'новій 001', 7, 487, 0, '', '', '', 1, 13, '2017-07-08', '0000-00-00', 800, 800, 0, 171878, 13, '08-07-2017, 10:29:38', 13, '1', 1, 1, NULL),
(307, 'клава новая', 7, 338, 0, '', '', '', 1, 13, '2017-07-07', '0000-00-00', 180, 180, 0, 171878, 13, '07-07-2017, 16:36:31', 13, '1', 1, 1, NULL),
(306, 'новый керамический нож', 80, 711, 0, '', '', '', 1, 13, '2017-07-04', '0000-00-00', 500, 500, 0, 171864, 13, '04-07-2017, 15:24:51', 13, '1', 1, 1, NULL),
(305, 'шим озу', 7, 708, 0, '', '', '', 1, 13, '2017-06-27', '0000-00-00', 100, 100, 0, 171853, 13, '27-06-2017, 17:08:29', 13, '1', 1, 1, NULL),
(304, 'новый термоблок', 80, 690, 0, '', '', '', 1, 13, '2017-06-27', '0000-00-00', 1300, 1300, 0, 171840, 13, '27-06-2017, 15:06:21', 13, '1', 1, 1, NULL),
(303, '3 клапана электромагнитных, вода, пар и дроенаж', 80, 640, 0, '', '', '', 1, 13, '2017-06-14', '0000-00-00', 950, 950, 0, 171795, 13, '14-06-2017, 13:49:04', 13, '1', 1, 1, NULL),
(302, 'уплотнитель в кофемолку', 80, 697, 0, '', '', '', 1, 13, '2017-06-12', '0000-00-00', 100, 100, 0, 171796, 13, '12-06-2017, 19:39:15', 13, '1', 1, 1, NULL),
(301, 'новая лыжа', 7, 623, 0, '', '', '', 1, 13, '2017-06-10', '0000-00-00', 1200, 1200, 0, 171789, 13, '10-06-2017, 13:34:49', 13, '1', 1, 1, NULL),
(300, 'новые пара шестерней редуктора', 80, 720, 0, '', '', '', 1, 13, '2017-06-07', '0000-00-00', 150, 150, 0, 171770, 13, '07-06-2017, 18:23:35', 13, '1', 1, 1, NULL),
(299, 'новая китайская клава', 7, 338, 0, '', '', '', 1, 13, '2017-05-31', '0000-00-00', 100, 100, 0, 171757, 13, '31-05-2017, 09:14:06', 13, '1', 1, 1, NULL),
(298, 'новый бойлер паровой', 80, 690, 0, '', '', '', 1, 13, '2017-05-29', '0000-00-00', 900, 900, 0, 171749, 13, '29-05-2017, 15:36:24', 13, '1', 1, 1, NULL),
(297, 'клапан верхний в ЗУ', 80, 640, 0, '', '', '', 0, 13, '2017-05-25', '0000-00-00', 100, 100, 0, 171730, 13, '25-05-2017, 19:04:36', 13, '1', 1, 1, NULL),
(296, 'новый китайский носик ЗУ', 80, 797, 0, '', '', '', 1, 13, '2017-05-25', '0000-00-00', 25, 25, 0, 171740, 13, '25-05-2017, 17:49:00', 13, '1', 1, 1, NULL),
(295, 'штуцер на носик ЗУ', 80, 678, 0, '', '', '', 1, 13, '2017-05-25', '0000-00-00', 300, 300, 0, 171740, 13, '25-05-2017, 09:44:44', 13, '1', 1, 1, NULL),
(294, 'новый модуль', 8, 478, 0, '', '', '', 1, 13, '2017-05-23', '0000-00-00', 1900, 1900, 0, 171742, 13, '23-05-2017, 16:43:09', 13, '1', 1, 1, NULL),
(293, 'новая матрица китай', 7, 623, 0, '', '', '', 1, 13, '2017-05-23', '0000-00-00', 1200, 1200, 0, 171741, 13, '23-05-2017, 10:26:23', 13, '1', 1, 1, NULL),
(292, 'держатель кофемолки', 80, 796, 0, '', '', '', 1, 13, '2017-05-22', '0000-00-00', 100, 100, 0, 171738, 13, '22-05-2017, 19:02:02', 13, '1', 1, 1, NULL),
(291, 'фиксатор сита кофемолки', 80, 795, 0, '', '', '', 1, 13, '2017-05-22', '0000-00-00', 100, 100, 0, 171738, 13, '22-05-2017, 19:01:41', 13, '1', 1, 1, NULL),
(290, 'дренажный клапан', 80, 640, 0, '', '', '', 1, 13, '2017-05-22', '0000-00-00', 450, 450, 0, 171738, 13, '22-05-2017, 18:59:58', 13, '1', 1, 1, NULL),
(289, 'новый', 80, 696, 0, '', '', '', 1, 13, '2017-05-22', '0000-00-00', 500, 500, 0, 171729, 13, '22-05-2017, 11:42:32', 13, '1', 1, 1, NULL),
(288, 'новые', 80, 711, 0, '', '', '', 1, 13, '2017-05-22', '0000-00-00', 650, 650, 0, 171729, 13, '22-05-2017, 11:42:21', 13, '1', 1, 1, NULL),
(287, 'корыто новое', 7, 335, 0, '', '', '', 1, 13, '2017-05-18', '0000-00-00', 720, 720, 0, 171708, 13, '18-05-2017, 15:03:57', 13, '1', 1, 1, NULL),
(286, 'трубка высокого давления гайка-скоба 180мм', 80, 793, 0, '', '', '', 1, 13, '2017-05-17', '0000-00-00', 75, 75, 0, 171702, 13, '17-05-2017, 13:31:37', 13, '1', 1, 1, NULL),
(285, 'нашел блок ориг', 94, 794, 0, '', '', '', 0, 13, '2017-05-15', '0000-00-00', 80, 80, 0, 171694, 13, '15-05-2017, 10:16:12', 13, '1', 1, 1, NULL),
(284, 'матрица бу у людки', 7, 623, 0, '', '', '', 1, 13, '2017-05-11', '0000-00-00', 300, 300, 0, 171696, 13, '11-05-2017, 16:05:44', 13, '1', 1, 1, NULL),
(283, 'трубка высокого давления гайка - скоба', 80, 793, 0, '', '', '', 1, 13, '2017-05-10', '0000-00-00', 130, 130, 0, 171687, 13, '10-05-2017, 14:41:48', 13, '1', 1, 1, NULL),
(282, 'резинка в ЗУ', 80, 697, 0, '', '', '', 1, 13, '2017-05-04', '0000-00-00', 80, 80, 0, 171678, 13, '04-05-2017, 18:45:44', 13, '1', 1, 1, NULL),
(281, 'резинка в бункер кофе', 80, 697, 0, '', '', '', 1, 13, '2017-05-03', '0000-00-00', 20, 20, 0, 171661, 13, '03-05-2017, 18:13:35', 13, '1', 1, 1, NULL),
(280, 'планка озу 4гб новая', 7, 352, 0, '', '', '', 1, 13, '2017-04-28', '0000-00-00', 750, 750, 0, 171649, 13, '28-04-2017, 12:06:58', 13, '1', 1, 1, NULL),
(279, 'рем', 80, 792, 0, '', '', '', 1, 13, '2017-04-28', '0000-00-00', 100, 100, 0, 171661, 13, '28-04-2017, 09:30:21', 13, '1', 1, 1, NULL),
(278, 'шланги', 80, 788, 0, '', '', '', 1, 13, '2017-04-28', '0000-00-00', 100, 100, 0, 171661, 13, '28-04-2017, 09:29:57', 13, '1', 1, 1, NULL),
(277, 'штуцер заварника новый', 80, 678, 0, '', '', '', 1, 13, '2017-04-28', '0000-00-00', 300, 300, 0, 171663, 13, '28-04-2017, 09:29:27', 13, '1', 1, 1, NULL),
(276, 'оригінал', 80, 792, 0, '', '', '', 1, 11, '2017-04-20', '0000-00-00', 112, 112, 0, 171651, 11, '20-04-2017, 16:25:38', 11, '1', 1, 1, NULL),
(275, 'чорний', 22, 791, 0, '', '', '', 1, 11, '2017-04-20', '0000-00-00', 450, 450, 0, 171646, 11, '20-04-2017, 12:12:43', 11, '1', 1, 1, NULL),
(274, 'новый тройник бош', 80, 638, 0, '', '', '', 1, 13, '2017-04-13', '0000-00-00', 350, 350, 0, 171620, 13, '13-04-2017, 16:57:44', 13, '1', 1, 1, NULL),
(273, 'шланг', 80, 788, 0, '', '', '', 1, 13, '2017-04-13', '0000-00-00', 100, 100, 0, 171620, 13, '13-04-2017, 16:57:28', 13, '1', 1, 1, NULL),
(272, 'новая батарея 130+бенз', 22, 664, 0, '', '', '', 1, 13, '2017-04-13', '0000-00-00', 150, 150, 0, 171637, 13, '13-04-2017, 15:54:35', 13, '1', 1, 1, NULL),
(271, 'Дренажный клапан', 80, 640, 59, '', '', '', 1, 13, '2017-04-12', '0000-00-00', 500, 0, 2, 171721, 13, '30-05-2017, 10:52:30', 13, '1', 1, 1, NULL),
(270, 'новый тэн поставили', 32, 403, 0, '', '', '', 1, 13, '2017-04-10', '0000-00-00', 500, 500, 0, 171604, 13, '10-04-2017, 18:48:37', 13, '1', 1, 1, NULL),
(269, '2001', 7, 487, 0, '', '', '', 1, 13, '2017-04-10', '0000-00-00', 850, 850, 0, 171622, 13, '10-04-2017, 15:01:54', 13, '1', 1, 1, NULL),
(268, 'резинки', 80, 697, 0, '', '', '', 1, 13, '2017-04-05', '0000-00-00', 160, 160, 0, 171613, 13, '05-04-2017, 12:51:02', 13, '1', 1, 1, NULL),
(267, 'клапан горячей воды', 80, 640, 0, '', '', '', 1, 13, '2017-04-05', '0000-00-00', 350, 350, 0, 171613, 13, '05-04-2017, 12:50:39', 13, '1', 1, 1, NULL),
(266, 'новый носик угловой', 80, 698, 0, '', '', '', 1, 13, '2017-04-04', '0000-00-00', 150, 150, 0, 171608, 13, '04-04-2017, 18:50:14', 13, '1', 1, 1, NULL),
(265, 'новый акум', 95, 790, 0, '', '', '', 1, 13, '2017-03-27', '0000-00-00', 100, 100, 0, 171580, 13, '27-03-2017, 19:40:06', 13, '1', 1, 1, NULL),
(264, 'новый акум купили', 8, 117, 0, '', '', '', 1, 13, '2017-03-27', '0000-00-00', 450, 450, 0, 171581, 13, '27-03-2017, 19:39:27', 13, '1', 1, 1, NULL),
(263, 'кулер новый', 7, 346, 0, '', '', '', 1, 13, '2017-03-22', '0000-00-00', 450, 450, 0, 171571, 13, '22-03-2017, 18:42:07', 13, '1', 1, 1, NULL),
(262, 'Дренажный клапан', 80, 640, 59, '', '', '', 1, 13, '2017-03-22', '0000-00-00', 500, 500, 2, 171585, 13, '12-04-2017, 13:16:43', 13, '1', 1, 1, NULL),
(261, 'переходник буквой Г бош', 80, 738, 0, '', '', '', 1, 13, '2017-03-22', '0000-00-00', 100, 100, 0, 171557, 13, '22-03-2017, 09:42:50', 13, '1', 1, 1, NULL),
(260, 'переходник буквой Г бош', 80, 738, 0, '', '', '', 1, 13, '2017-03-22', '0000-00-00', 100, 100, 0, 171557, 13, '22-03-2017, 09:42:50', 13, '1', 1, 1, NULL),
(259, 'клалан сброса давления клапан 419992 или Bosch 605865', 80, 640, 59, '', '', '', 1, 13, '2017-03-20', '0000-00-00', 250, 0, 1, NULL, 13, '20-03-2017, 16:02:54', 13, '1', 1, 1, NULL),
(258, 'клалан сброса давления клапан 419992 или Bosch 605865', 80, 640, 59, '', '', '', 1, 13, '2017-03-20', '0000-00-00', 250, 0, 2, 171557, 13, '22-03-2017, 09:42:23', 13, '1', 1, 1, NULL),
(257, 'клапан сброса', 80, 640, 0, '', '', '', 1, 13, '2017-03-13', '0000-00-00', 180, 180, 0, 171536, 13, '13-03-2017, 19:36:05', 13, '1', 1, 1, NULL),
(256, 'прокадка под рожок', 32, 607, 0, '', '', '', 1, 13, '2017-03-13', '0000-00-00', 100, 100, 0, 171540, 13, '13-03-2017, 19:35:30', 13, '1', 1, 1, NULL),
(255, 'тип33 транзистор', 80, 789, 0, '', '', '', 1, 13, '2017-03-06', '0000-00-00', 30, 30, 0, 171518, 13, '06-03-2017, 14:19:35', 13, '1', 1, 1, NULL),
(254, 'ремкомлект бойлера', 80, 637, 0, '', '', '', 1, 13, '2017-03-06', '0000-00-00', 170, 170, 0, 171520, 13, '06-03-2017, 10:44:48', 13, '1', 1, 1, NULL),
(253, 'бойлер на 2 тена', 80, 690, 76, '', '', 'новый', 1, 13, '2017-03-03', '0000-00-00', 670, 0, 1, NULL, 13, '3-03-2017, 15:25:08', 13, '1', 1, 1, NULL),
(252, 'шланг высокого давления 1м', 80, 788, 0, '', '', '', 1, 13, '2017-03-02', '0000-00-00', 300, 300, 0, 171511, 13, '02-03-2017, 15:06:48', 13, '1', 1, 1, NULL),
(251, 'жернова новые', 80, 711, 0, '', '', '', 1, 13, '2017-02-23', '0000-00-00', 650, 650, 0, 171471, 13, '23-02-2017, 14:57:06', 13, '1', 1, 1, NULL),
(250, 'трансформатор сняли', 80, 787, 0, '', '', '', 0, 13, '2017-02-23', '0000-00-00', 800, 800, 0, 171463, 13, '23-02-2017, 14:56:41', 13, '1', 1, 1, NULL),
(249, 'новый жернова', 80, 711, 0, '', '', '', 1, 13, '2017-02-23', '0000-00-00', 650, 650, 0, 171463, 13, '23-02-2017, 14:56:14', 13, '1', 1, 1, NULL),
(248, 'нижний держатель и кофевод', 80, 674, 0, '', '', '', 1, 13, '2017-02-22', '0000-00-00', 300, 300, 0, 171486, 13, '22-02-2017, 15:27:30', 13, '1', 1, 1, NULL),
(247, 'не рабочая кофемолка', 80, 674, 0, '', '', '', 0, 13, '2017-02-22', '0000-00-00', 250, 250, 0, 171486, 13, '22-02-2017, 15:26:55', 13, '1', 1, 1, NULL),
(246, 'купил плату донор', 7, 342, 0, '', '', '', 1, 13, '2017-02-18', '0000-00-00', 300, 300, 0, 171468, 13, '18-02-2017, 15:51:54', 13, '1', 1, 1, NULL),
(245, 'новые жернова', 80, 711, 0, '', '', '', 1, 13, '2017-02-15', '0000-00-00', 650, 650, 0, 171469, 13, '15-02-2017, 11:32:42', 13, '1', 1, 1, NULL),
(244, 'Вова поменял все резинки', 80, 697, 0, '', '', '', 1, 13, '2017-02-13', '0000-00-00', 100, 100, 0, 171441, 13, '13-02-2017, 18:00:37', 13, '1', 1, 1, NULL),
(243, 'плата управления', 80, 655, 0, '', '', '', 0, 13, '2017-02-10', '0000-00-00', 250, 250, 0, 171441, 13, '10-02-2017, 16:05:31', 13, '1', 1, 1, NULL),
(242, 'новый флоуметр', 80, 786, 0, '', '', '', 1, 13, '2017-02-07', '0000-00-00', 200, 200, 0, 171429, 13, '07-02-2017, 17:29:34', 13, '1', 1, 1, NULL),
(241, 'купил корпус за 750+100 грн', 7, 335, 0, '', '', '', 0, 13, '2017-02-07', '0000-00-00', 850, 850, 0, 171444, 13, '07-02-2017, 16:25:01', 13, '1', 1, 1, NULL),
(240, 'анд купил новую матрицу', 7, 623, 0, '', '', '', 1, 13, '2017-02-04', '0000-00-00', 1350, 1350, 0, 171436, 13, '04-02-2017, 14:40:17', 13, '1', 1, 1, NULL),
(239, 'дренажный клапан новый', 80, 640, 0, '', '', '', 1, 13, '2017-02-04', '0000-00-00', 500, 500, 0, 171424, 13, '04-02-2017, 13:26:51', 13, '1', 1, 1, NULL),
(238, 'новый жернова', 80, 711, 0, '', '', '', 1, 13, '2017-02-04', '0000-00-00', 650, 650, 0, 171424, 13, '04-02-2017, 13:26:31', 13, '1', 1, 1, NULL),
(237, 'новый бойлер однотеновый', 80, 690, 0, '', '', '', 1, 13, '2017-02-04', '0000-00-00', 1200, 1200, 0, 171429, 13, '04-02-2017, 13:25:24', 13, '1', 1, 1, NULL),
(236, 'Дренажный клапан', 80, 640, 59, '', '0', 'новый', 1, 13, '2017-02-04', '0000-00-00', 500, 0, 2, 171471, 13, '03-03-2017, 15:21:09', 13, '1', 1, 1, NULL),
(235, 'анд купил слим 15.6', 7, 623, 0, '', '', '', 1, 13, '2017-01-30', '0000-00-00', 1270, 1270, 0, 171420, 13, '30-01-2017, 19:56:44', 13, '1', 1, 1, NULL),
(234, 'Анд купил клапан от кофемашины подошел', 32, 408, 0, '', '', '', 1, 13, '2017-01-30', '0000-00-00', 120, 120, 0, 171414, 13, '30-01-2017, 14:59:30', 13, '1', 1, 1, NULL),
(233, 'ручка новая', 80, 785, 0, '', '', '', 1, 13, '2017-01-26', '0000-00-00', 75, 75, 0, 171416, 13, '26-01-2017, 19:19:18', 13, '1', 1, 1, NULL),
(232, 'вова продал жернова', 80, 711, 0, '', '', '', 1, 13, '2017-01-26', '0000-00-00', 350, 350, 0, 171377, 13, '26-01-2017, 15:03:45', 13, '1', 1, 1, NULL),
(231, 'новый хитачи розетка', 7, 603, 0, '', '', '', 1, 13, '2017-01-26', '0000-00-00', 1220, 1220, 0, 171404, 13, '26-01-2017, 14:10:26', 13, '1', 1, 1, NULL),
(230, 'матрица 15.6 анд купил', 7, 623, 0, '', '', '', 1, 13, '2017-01-21', '0000-00-00', 1150, 1150, 0, 171388, 13, '21-01-2017, 18:32:28', 13, '1', 1, 1, NULL),
(228, 'шлейф анд купил на дфай', 7, 341, 0, '', '', '', 1, 13, '2017-01-20', '0000-00-00', 160, 160, 0, 171387, 13, '20-01-2017, 16:44:45', 13, '1', 1, 1, NULL),
(229, 'бойлер + переходник + резинка', 80, 690, 0, '', '', '', 0, 13, '2017-01-20', '0000-00-00', 1150, 1150, 0, 171377, 13, '20-01-2017, 17:09:12', 13, '1', 1, 1, NULL),
(356, 'нижний держатель новій', 80, 796, 0, '', '', '', 1, 13, '2017-09-22', '0000-00-00', 50, 50, 0, 172219, 13, '22-09-2017, 19:01:55', 13, '1', 1, 1, NULL),
(357, 'новая без реамки', 7, 338, 0, '', '', '', 1, 13, '2017-09-28', '0000-00-00', 200, 200, 0, 172248, 13, '28-09-2017, 17:55:41', 13, '1', 1, 1, NULL),
(358, 'новая', 7, 338, 0, '', '', '', 1, 13, '2017-09-28', '0000-00-00', 130, 130, 0, 172246, 13, '28-09-2017, 19:42:12', 13, '1', 1, 1, NULL),
(359, 'бл 215', 8, 117, 0, '', '', '', 1, 13, '2017-09-29', '0000-00-00', 200, 200, 0, 172235, 13, '29-09-2017, 10:39:16', 13, '1', 1, 1, NULL),
(360, 'новый поршень термоблока', 80, 783, 0, '', '', '', 1, 13, '2017-09-29', '0000-00-00', 600, 600, 0, 172223, 13, '29-09-2017, 10:54:17', 13, '1', 1, 1, NULL),
(361, 'новый кран капунатора', 80, 778, 0, '', '', '', 1, 13, '2017-09-29', '0000-00-00', 330, 330, 0, 172223, 13, '29-09-2017, 10:54:33', 13, '1', 1, 1, NULL),
(362, 'новый', 7, 487, 0, '', '', '', 1, 13, '2017-09-29', '0000-00-00', 920, 920, 0, 172224, 13, '29-09-2017, 17:56:38', 13, '1', 1, 1, NULL),
(363, 'новый', 22, 791, 0, '', '', '', 1, 13, '2017-10-02', '0000-00-00', 85, 85, 0, 172255, 13, '02-10-2017, 11:20:55', 13, '1', 1, 1, NULL),
(364, 'дренажный бош', 80, 640, 0, '', '', '', 1, 13, '2017-10-03', '0000-00-00', 500, 500, 0, 172252, 13, '03-10-2017, 16:33:41', 13, '1', 1, 1, NULL),
(365, 'новая', 80, 780, 0, '', '', '', 1, 13, '2017-10-03', '0000-00-00', 125, 125, 0, 172252, 13, '03-10-2017, 16:33:52', 13, '1', 1, 1, NULL),
(366, 'ориг новій', 8, 478, 0, '', '', '', 1, 13, '2017-10-03', '0000-00-00', 1300, 1300, 0, 172264, 13, '03-10-2017, 19:17:18', 13, '1', 1, 1, NULL),
(367, '20000591', 80, 640, 0, '', '', '', 1, 13, '2017-10-04', '0000-00-00', 320, 320, 0, 172271, 13, '04-10-2017, 17:38:14', 13, '1', 1, 1, NULL),
(368, 'новій', 80, 720, 0, '', '', '', 1, 13, '2017-10-09', '0000-00-00', 100, 100, 0, 172287, 13, '09-10-2017, 18:52:46', 13, '1', 1, 1, NULL),
(369, 'на юкофе', 80, 720, 0, '', '', '', 1, 13, '2017-10-09', '0000-00-00', 220, 220, 0, 172288, 13, '09-10-2017, 18:53:18', 13, '1', 1, 1, NULL),
(370, 'крепления поршня на термоблоке железка', 80, 727, 0, '', '', '', 1, 13, '2017-10-11', '0000-00-00', 220, 220, 0, 172284, 13, '11-10-2017, 18:27:20', 13, '1', 1, 1, NULL),
(371, 'новая', 40, 705, 0, '', '', '', 1, 13, '2017-10-13', '0000-00-00', 90, 90, 0, 172309, 13, '13-10-2017, 12:47:48', 13, '1', 1, 1, NULL),
(372, 'Малая шестерня редуктора из нашего боша', 80, 720, 0, '', '', '', 0, 13, '2017-10-14', '0000-00-00', 250, 250, 0, 172320, 13, '14-10-2017, 14:40:18', 13, '1', 1, 1, NULL),
(373, 'под рожок', 32, 607, 0, '', '', '', 1, 13, '2017-10-17', '0000-00-00', 55, 55, 0, 172327, 13, '17-10-2017, 14:49:21', 13, '1', 1, 1, NULL),
(374, '2 новых акума для перепаковки', 8, 117, 0, '', '', '', 1, 13, '2017-10-18', '0000-00-00', 85, 85, 0, 172337, 13, '18-10-2017, 11:07:45', 13, '1', 1, 1, NULL),
(375, '2 новых акума для перепаковки', 8, 117, 0, '', '', '', 1, 13, '2017-10-18', '0000-00-00', 85, 85, 0, 172337, 13, '18-10-2017, 11:07:45', 13, '1', 1, 1, NULL),
(376, 'новая плата', 80, 655, 0, '', '', '', 1, 13, '2017-10-19', '0000-00-00', 7200, 7200, 0, 172263, 13, '19-10-2017, 13:47:25', 13, '1', 1, 1, NULL),
(377, 'жестерня малая в редукторо', 80, 720, 0, '', '', '', 1, 13, '2017-10-21', '0000-00-00', 250, 250, 0, 172335, 13, '21-10-2017, 11:02:36', 13, '1', 1, 1, NULL),
(378, 'новый', 80, 777, 0, '', '', '', 1, 13, '2017-10-24', '0000-00-00', 160, 160, 0, 172360, 13, '24-10-2017, 10:06:53', 13, '1', 1, 1, NULL),
(379, 'манжета бункера', 80, 780, 0, '', '', '', 1, 13, '2017-10-28', '0000-00-00', 50, 50, 0, 172399, 13, '28-10-2017, 13:58:54', 13, '1', 1, 1, NULL),
(380, 'новая боу людка подол', 7, 623, 0, '', '', '', 1, 13, '2017-10-30', '0000-00-00', 1250, 1250, 0, 172402, 13, '30-10-2017, 20:18:54', 13, '1', 1, 1, NULL),
(381, 'новый сенсор', 8, 633, 0, '', '', '', 1, 13, '2017-11-02', '0000-00-00', 190, 190, 0, 172429, 13, '02-11-2017, 17:33:34', 13, '1', 1, 1, NULL),
(382, 'новый мультик', 80, 640, 0, '', '', '', 1, 13, '2017-11-08', '0000-00-00', 3000, 3000, 0, 172386, 13, '08-11-2017, 09:49:47', 13, '1', 1, 1, NULL),
(383, 'мотор кофемолки', 80, 656, 0, '', '', '', 0, 13, '2017-11-08', '0000-00-00', 250, 250, 0, 172386, 13, '08-11-2017, 09:50:09', 13, '1', 1, 1, NULL),
(384, 'новый', 8, 483, 0, '', '', '', 1, 13, '2017-11-08', '0000-00-00', 250, 250, 0, 172447, 13, '08-11-2017, 20:25:04', 13, '1', 1, 1, NULL),
(385, 'новый', 22, 539, 0, '', '', '', 1, 13, '2017-11-10', '0000-00-00', 20, 20, 0, 172469, 13, '10-11-2017, 11:45:32', 13, '1', 1, 1, NULL),
(386, 'новая батарея', 22, 664, 0, '', '', '', 1, 13, '2017-11-13', '0000-00-00', 1000, 1000, 0, 172342, 13, '13-11-2017, 12:55:05', 13, '1', 1, 1, NULL),
(387, 'наш с капсульной', 80, 638, 0, '', '', '', 1, 13, '2017-11-16', '0000-00-00', 250, 250, 0, 172498, 13, '16-11-2017, 13:47:31', 13, '1', 1, 1, NULL),
(388, 'новый переходник', 80, 738, 0, '', '', '', 1, 13, '2017-11-16', '0000-00-00', 260, 260, 0, 172498, 13, '16-11-2017, 13:47:48', 13, '1', 1, 1, NULL),
(389, 'новая 2700мАч', 22, 664, 0, '', '', '', 1, 13, '2017-11-20', '0000-00-00', 120, 120, 0, 172522, 13, '20-11-2017, 18:35:21', 13, '1', 1, 1, NULL),
(390, 'новій', 7, 346, 0, '', '', '', 1, 13, '2017-11-21', '0000-00-00', 165, 165, 0, 172519, 13, '21-11-2017, 17:08:07', 13, '1', 1, 1, NULL),
(391, 'новій', 80, 777, 0, '', '', '', 1, 13, '2017-11-23', '0000-00-00', 160, 160, 0, 172527, 13, '23-11-2017, 18:31:09', 13, '1', 1, 1, NULL),
(392, 'новій', 7, 603, 0, '', '', '', 1, 13, '2017-11-24', '0000-00-00', 1200, 1200, 0, 172422, 13, '24-11-2017, 10:40:58', 13, '1', 1, 1, NULL),
(393, 'новій', 7, 335, 0, '', '', '', 1, 13, '2017-11-24', '0000-00-00', 1300, 1300, 0, 172427, 13, '24-11-2017, 10:42:22', 13, '1', 1, 1, NULL),
(394, 'бу ориг', 7, 351, 0, '', '', '', 0, 13, '2017-11-24', '0000-00-00', 400, 400, 0, 172427, 13, '24-11-2017, 10:42:38', 13, '1', 1, 1, NULL),
(395, 'новій', 80, 738, 0, '', '', '', 1, 13, '2017-11-24', '0000-00-00', 80, 80, 0, 172448, 13, '24-11-2017, 10:45:09', 13, '1', 1, 1, NULL),
(396, 'новій', 80, 644, 0, '', '', '', 1, 13, '2017-11-24', '0000-00-00', 380, 380, 0, 172490, 13, '24-11-2017, 10:47:55', 13, '1', 1, 1, NULL),
(397, 'новая ужасная', 7, 623, 0, '', '', '', 1, 13, '2017-11-24', '0000-00-00', 1000, 1000, 0, 172491, 13, '24-11-2017, 10:48:36', 13, '1', 1, 1, NULL),
(398, 'новій', 80, 688, 0, '', '', '', 1, 13, '2017-11-24', '0000-00-00', 300, 300, 0, 172523, 13, '24-11-2017, 15:17:09', 13, '1', 1, 1, NULL),
(399, 'новая', 7, 338, 0, '', '', '', 1, 13, '2017-11-24', '0000-00-00', 120, 120, 0, 172543, 13, '24-11-2017, 17:09:13', 13, '1', 1, 1, NULL),
(400, 'новая', 7, 623, 0, '', '', '', 1, 13, '2017-11-24', '0000-00-00', 1100, 1100, 0, 172543, 13, '24-11-2017, 17:09:34', 13, '1', 1, 1, NULL),
(401, 'новый', 7, 653, 0, '', '', '', 1, 13, '2017-11-27', '0000-00-00', 50, 50, 0, 172555, 13, '27-11-2017, 18:18:25', 13, '1', 1, 1, NULL),
(402, 'новый', 7, 653, 0, '', '', '', 1, 13, '2017-11-27', '0000-00-00', 50, 50, 0, 172561, 13, '27-11-2017, 18:18:39', 13, '1', 1, 1, NULL),
(403, 'бу алюминий', 80, 720, 0, '', '', '', 1, 13, '2017-11-28', '0000-00-00', 100, 100, 0, 172528, 13, '28-11-2017, 09:35:43', 13, '1', 1, 1, NULL),
(404, 'кран воды зелезный', 80, 778, 0, '', '', '', 1, 13, '2017-11-30', '0000-00-00', 300, 300, 0, 172571, 13, '30-11-2017, 12:07:29', 13, '1', 1, 1, NULL),
(405, 'новый вд 500', 7, 603, 0, '', '', '', 1, 13, '2017-11-30', '0000-00-00', 1220, 1220, 0, 172568, 13, '30-11-2017, 14:08:12', 13, '1', 1, 1, NULL),
(406, 'новый', 7, 653, 0, '', '', '', 1, 13, '2017-11-30', '0000-00-00', 50, 50, 0, 172579, 13, '30-11-2017, 16:20:48', 13, '1', 1, 1, NULL),
(407, 'новый', 27, 469, 0, '', '', '', 1, 13, '2017-12-01', '0000-00-00', 600, 600, 0, 172551, 13, '01-12-2017, 16:55:51', 13, '1', 1, 1, NULL),
(408, 'новая плата', 80, 655, 0, '', '', '', 1, 13, '2017-12-02', '0000-00-00', 1200, 1200, 0, 172578, 13, '02-12-2017, 10:13:18', 13, '1', 1, 1, NULL),
(409, 'переделка с рояла+ переходник', 80, 690, 0, '', '', '', 1, 13, '2017-12-02', '0000-00-00', 1250, 1250, 0, 172569, 13, '02-12-2017, 10:15:00', 13, '1', 1, 1, NULL),
(410, 'новый клапан', 32, 408, 0, '', '', '', 1, 13, '2017-12-04', '0000-00-00', 100, 100, 0, 172587, 13, '04-12-2017, 10:39:46', 13, '1', 1, 1, NULL),
(411, 'новый', 7, 650, 0, '', '', '', 1, 13, '2017-12-06', '0000-00-00', 100, 100, 0, 172579, 13, '06-12-2017, 11:23:40', 13, '1', 1, 1, NULL),
(412, '200', 8, 483, 0, '', '', '', 1, 13, '2017-12-11', '0000-00-00', 200, 200, 0, 172614, 13, '11-12-2017, 17:56:12', 13, '1', 1, 1, NULL),
(413, 'новый у максиму одесса', 7, 487, 0, '', '', '', 1, 13, '2017-12-11', '0000-00-00', 800, 800, 0, 172608, 13, '11-12-2017, 17:56:34', 13, '1', 1, 1, NULL),
(414, 'новый тэн', 160, 802, 0, '', '', '', 1, 13, '2017-12-14', '0000-00-00', 120, 120, 0, 172619, 13, '14-12-2017, 16:55:11', 13, '1', 1, 1, NULL),
(415, 'новый тэн', 160, 802, 0, '', '', '', 1, 13, '2017-12-14', '0000-00-00', 120, 120, 0, 172619, 13, '14-12-2017, 16:55:11', 13, '1', 1, 1, NULL),
(416, 'бу', 27, 470, 0, '', '', '', 1, 13, '2017-12-15', '0000-00-00', 1350, 1350, 0, 172638, 13, '15-12-2017, 11:28:25', 13, '1', 1, 1, NULL),
(417, 'новая', 7, 338, 0, '', '', '', 1, 13, '2017-12-25', '0000-00-00', 150, 150, 0, 172661, 13, '25-12-2017, 12:26:55', 13, '1', 1, 1, NULL),
(418, 'новая', 80, 655, 0, '', '', '', 1, 13, '2017-12-25', '0000-00-00', 1000, 1000, 0, 172665, 13, '25-12-2017, 12:27:12', 13, '1', 1, 1, NULL),
(419, '2шт в редутор', 80, 720, 0, '', '', '', 1, 13, '2017-12-25', '0000-00-00', 80, 80, 0, 172666, 13, '25-12-2017, 12:28:17', 13, '1', 1, 1, NULL),
(420, '2шт в редутор', 80, 720, 0, '', '', '', 1, 13, '2017-12-25', '0000-00-00', 80, 80, 0, 172666, 13, '25-12-2017, 12:28:17', 13, '1', 1, 1, NULL),
(421, 'ориг', 8, 481, 0, '', '', '', 1, 13, '2017-12-26', '0000-00-00', 200, 200, 0, 172680, 13, '26-12-2017, 12:04:34', 13, '1', 1, 1, NULL),
(422, 'новый 2х теновый', 80, 690, 0, '', '', '', 1, 13, '2017-12-28', '0000-00-00', 700, 700, 0, 172667, 13, '28-12-2017, 15:18:24', 13, '1', 1, 1, NULL),
(423, 'новый', 57, 799, 0, '', '', '', 1, 13, '2017-12-28', '0000-00-00', 420, 420, 0, 172674, 13, '28-12-2017, 15:21:41', 13, '1', 1, 1, NULL),
(424, 'новій', 8, 478, 0, '', '', '', 1, 13, '2018-01-03', '0000-00-00', 900, 900, 0, 172703, 13, '03-01-2018, 16:00:29', 13, '1', 1, 1, NULL),
(425, 'новій', 22, 380, 0, '', '', '', 1, 13, '2018-01-09', '0000-00-00', 170, 170, 0, 172706, 13, '09-01-2018, 17:48:57', 13, '1', 1, 1, NULL),
(426, 'новій модуль', 8, 478, 0, '', '', '', 1, 13, '2018-01-10', '0000-00-00', 450, 450, 0, 172710, 13, '10-01-2018, 17:18:16', 13, '1', 1, 1, NULL),
(427, 'новій дренажній', 80, 640, 0, '', '', '', 1, 13, '2018-01-10', '0000-00-00', 530, 530, 0, 172719, 13, '10-01-2018, 18:05:41', 13, '1', 1, 1, NULL),
(428, 'лгбт', 52, 803, 0, '', '', '', 1, 13, '2018-01-11', '0000-00-00', 120, 120, 0, 172708, 13, '11-01-2018, 09:22:29', 13, '1', 1, 1, NULL),
(429, 'новый 2х барный', 80, 640, 0, '', '', '', 1, 13, '2018-01-11', '0000-00-00', 250, 250, 0, 172719, 13, '11-01-2018, 11:26:49', 13, '1', 1, 1, NULL),
(430, 'новій типа ориг', 8, 117, 0, '', '', '', 1, 13, '2018-01-12', '0000-00-00', 260, 260, 0, 172732, 13, '12-01-2018, 17:17:44', 13, '1', 1, 1, NULL),
(431, 'новый', 8, 117, 0, '', '', '', 1, 13, '2018-01-12', '0000-00-00', 240, 240, 0, 172710, 13, '12-01-2018, 18:17:01', 13, '1', 1, 1, NULL),
(432, 'новый копия', 8, 478, 0, '', '', '', 1, 13, '2018-01-13', '0000-00-00', 1000, 1000, 0, 172715, 13, '13-01-2018, 11:57:55', 13, '1', 1, 1, NULL),
(433, 'р-сим данил', 8, 627, 0, '', '', '', 1, 13, '2018-01-13', '0000-00-00', 300, 300, 0, 172715, 13, '13-01-2018, 11:58:15', 13, '1', 1, 1, NULL),
(434, 'новый 6шт', 27, 804, 0, '', '', '', 1, 13, '2018-01-13', '0000-00-00', 20, 20, 0, 172744, 13, '13-01-2018, 16:01:11', 13, '1', 1, 1, NULL),
(435, 'новый 6шт', 27, 804, 0, '', '', '', 1, 13, '2018-01-13', '0000-00-00', 20, 20, 0, 172744, 13, '13-01-2018, 16:01:11', 13, '1', 1, 1, NULL),
(436, 'новый 6шт', 27, 804, 0, '', '', '', 1, 13, '2018-01-13', '0000-00-00', 20, 20, 0, 172744, 13, '13-01-2018, 16:01:11', 13, '1', 1, 1, NULL),
(437, 'новый 6шт', 27, 804, 0, '', '', '', 1, 13, '2018-01-13', '0000-00-00', 20, 20, 0, 172744, 13, '13-01-2018, 16:01:11', 13, '1', 1, 1, NULL),
(438, 'новый 6шт', 27, 804, 0, '', '', '', 1, 13, '2018-01-13', '0000-00-00', 20, 20, 0, 172744, 13, '13-01-2018, 16:01:11', 13, '1', 1, 1, NULL),
(439, 'новый 6шт', 27, 804, 0, '', '', '', 1, 13, '2018-01-13', '0000-00-00', 20, 20, 0, 172744, 13, '13-01-2018, 16:01:11', 13, '1', 1, 1, NULL),
(440, 'новый', 117, 805, 0, '', '', '', 1, 13, '2018-01-15', '0000-00-00', 580, 580, 0, 172746, 13, '15-01-2018, 11:35:10', 13, '1', 1, 1, NULL),
(441, 'новый', 7, 487, 0, '', '', '', 1, 13, '2018-01-16', '0000-00-00', 1150, 1150, 0, 172720, 13, '16-01-2018, 15:31:59', 13, '1', 1, 1, NULL),
(442, 'диагностика на юкофе', 80, 655, 0, '', '', '', 1, 13, '2018-01-16', '0000-00-00', 100, 100, 0, 172723, 13, '16-01-2018, 15:32:20', 13, '1', 1, 1, NULL),
(443, 'пистолет на насте купили', 80, 640, 0, '', '', '', 1, 13, '2018-01-16', '0000-00-00', 550, 550, 0, 172741, 13, '16-01-2018, 15:35:17', 13, '1', 1, 1, NULL),
(444, 'новый 2шт', 40, 705, 0, '', '', '', 1, 13, '2018-01-24', '0000-00-00', 200, 200, 0, 172781, 13, '24-01-2018, 15:07:43', 13, '1', 1, 1, NULL),
(445, 'ремкомплект', 80, 697, 0, '', '', '', 1, 13, '2018-01-24', '0000-00-00', 200, 200, 0, 172772, 13, '24-01-2018, 17:55:18', 13, '1', 1, 1, NULL),
(446, 'переходник пластиковых бойлер 2шт', 80, 640, 0, '', '', '', 1, 13, '2018-01-25', '0000-00-00', 130, 130, 0, 172787, 13, '25-01-2018, 15:26:20', 13, '1', 1, 1, NULL),
(447, 'новіе', 80, 711, 0, '', '', '', 1, 13, '2018-01-26', '0000-00-00', 650, 650, 0, 172784, 13, '26-01-2018, 13:38:56', 13, '1', 1, 1, NULL),
(448, 'дренажный', 80, 640, 0, '', '', '', 1, 13, '2018-01-26', '0000-00-00', 600, 600, 0, 172784, 13, '26-01-2018, 13:39:09', 13, '1', 1, 1, NULL),
(449, 'новій ориг', 8, 478, 0, '', '', '', 1, 13, '2018-01-27', '0000-00-00', 700, 700, 0, 172797, 13, '27-01-2018, 12:53:30', 13, '1', 1, 1, NULL),
(450, 'новая', 7, 623, 0, '', '', '', 1, 13, '2018-01-27', '0000-00-00', 1500, 1500, 0, 172790, 13, '27-01-2018, 14:59:15', 13, '1', 1, 1, NULL),
(451, 'новая ориг', 80, 806, 0, '', '', '', 1, 13, '2018-01-29', '0000-00-00', 100, 100, 0, 172804, 13, '29-01-2018, 13:44:51', 13, '1', 1, 1, NULL),
(452, 'новая', 80, 700, 0, '', '', '', 1, 13, '2018-02-01', '0000-00-00', 250, 250, 0, 172822, 13, '01-02-2018, 17:30:49', 13, '1', 1, 1, NULL),
(453, 'новый дренажный', 80, 640, 0, '', '', '', 1, 13, '2018-02-02', '0000-00-00', 600, 600, 0, 172818, 13, '02-02-2018, 11:57:19', 13, '1', 1, 1, NULL);

-- --------------------------------------------------------

--
-- Структура таблицы `users`
--

CREATE TABLE IF NOT EXISTS `users` (
  `user_id` int(4) NOT NULL,
  `id_sc` int(4) DEFAULT '1',
  `fam` text NOT NULL,
  `imya` text NOT NULL,
  `otch` text NOT NULL,
  `login` text NOT NULL,
  `password` text NOT NULL,
  `mail` text NOT NULL,
  `send_mail` datetime NOT NULL,
  `phone` text NOT NULL,
  `adres` text NOT NULL,
  `zavod` text NOT NULL,
  `gorod_id` int(4) NOT NULL,
  `id_group` int(4) NOT NULL,
  `id_portret` int(4) NOT NULL DEFAULT '1',
  `user_hash` text NOT NULL,
  `active` int(1) NOT NULL
) ENGINE=MyISAM AUTO_INCREMENT=1352 DEFAULT CHARSET=cp1251;

--
-- Дамп данных таблицы `users`
--

INSERT INTO `users` (`user_id`, `id_sc`, `fam`, `imya`, `otch`, `login`, `password`, `mail`, `send_mail`, `phone`, `adres`, `zavod`, `gorod_id`, `id_group`, `id_portret`, `user_hash`, `active`) VALUES
(4, 1, 'Ковальчук', 'Николай', 'Петрович', '', '', '', '0000-00-00 00:00:00', '0504478291', '', '', 0, 0, 1, '', 0),
(3, 1, 'Хоруженко', 'Ольга', 'Владимировна', '', '', '', '0000-00-00 00:00:00', '0967074777', '', '', 0, 0, 1, '', 0),
(5, 1, 'Кокот', 'Гордей', 'Владимирович', '', '', '', '0000-00-00 00:00:00', '0987763996', '', '', 0, 0, 1, '', 0),
(6, 1, 'Скрипка', 'Юрий', 'Александрович', '', '', '', '0000-00-00 00:00:00', '0973351886', '', '', 0, 0, 1, '', 0),
(7, 1, 'Тебешевский', 'Матвей', 'Игоревич', '', '', '', '0000-00-00 00:00:00', '0632274905', '', '', 0, 0, 1, '', 0),
(8, 1, 'Строй', 'Владимир', 'Анатольевич', '', '', '', '0000-00-00 00:00:00', '0965068101', 'Окружная 4, Автомагазин за отелем Тиса', '', 0, 0, 1, '', 0),
(9, 1, 'Павлишина', 'Виктория', 'Валерьевнра', '', '', '', '0000-00-00 00:00:00', '0981174838', '', '', 0, 0, 1, '', 0),
(10, 1, 'Нурахметов', 'Галын', '.', '', '', '', '0000-00-00 00:00:00', '0678699027', '', '', 0, 0, 1, '', 0),
(11, 1, 'Логинова', 'Оксана', 'Владимировна', '', '', '', '0000-00-00 00:00:00', '0675497858', 'Окружная 2б, автосалон митсубиси', '', 0, 0, 1, '', 0),
(12, 1, 'Шубравый', 'Юрий', 'Иванович', '', '', '', '0000-00-00 00:00:00', '0953151673', '', '', 0, 0, 1, '', 0),
(13, 1, 'Станиславский', 'Сергей', 'Владимирович', '', '', '', '0000-00-00 00:00:00', '0955230004', '', '', 0, 0, 1, '', 0),
(14, 1, 'Рудник', 'Володимир', 'Григорович', '', '', '', '0000-00-00 00:00:00', '0674409642', '', '', 0, 0, 1, '', 0),
(15, 1, 'Скакун', 'Владимир', 'Анатольевич', '', '', '', '0000-00-00 00:00:00', '0932856235', '', '', 0, 0, 1, '', 0),
(16, 1, 'Набильская', 'Валентина', 'Васильевна', '', '', '', '0000-00-00 00:00:00', '0661183448', '', '', 0, 0, 1, '', 0),
(17, 1, 'Груй', 'Йозес', 'Володимирович', '', '', '', '0000-00-00 00:00:00', '0683636263', 'Колоса 84', '', 0, 0, 1, '', 0),
(18, 1, 'Иващенко', 'Максим', 'Игоревич', '', '', '', '0000-00-00 00:00:00', '0995421924', '', '', 0, 0, 1, '', 0),
(19, 1, 'Говорун', 'Сергей', 'Анатольевич', '', '', '', '0000-00-00 00:00:00', '0674627676', '', '', 0, 0, 1, '', 0),
(20, 1, 'Гончаренко', 'Наталья', 'Николаевна', '', '', '', '0000-00-00 00:00:00', '0672496670', '', '', 0, 0, 1, '', 0),
(21, 1, 'Неогения', 'Ирина', 'нет', '', '', '', '0000-00-00 00:00:00', '0930695298', 'ул Артема 50, 4эт, офис 4в', '', 0, 0, 1, '', 0),
(22, 1, 'Сокур', 'Алексей', 'Викторович', '', '', '', '0000-00-00 00:00:00', '0630717785', '', '', 0, 0, 1, '', 0),
(23, 1, 'Клименко', 'Виталий', 'нет', '', '', '', '0000-00-00 00:00:00', '0972778303', 'г.Николаев, новая почта №6', '', 0, 0, 1, '', 0),
(24, 1, 'Торунян', 'Сергей', 'Генрихович', '', '', '', '0000-00-00 00:00:00', '0994242482', '', '', 0, 0, 1, '', 0),
(25, 1, 'Сопильняк', 'Виталий', 'Игоревич', '', '', '', '0000-00-00 00:00:00', '0504436128', '', '', 0, 0, 1, '', 0),
(26, 1, 'Бомко', 'Александр', 'Дмитриевич', '', '', '', '0000-00-00 00:00:00', '0504444190', '', '', 0, 0, 1, '', 0),
(27, 1, 'Шилкин', 'Алексей', 'Дмитриевич', '', '', '', '0000-00-00 00:00:00', '0967584521', '', '', 0, 0, 1, '', 0),
(28, 1, 'Масник', 'Вячеслав', 'Михайлович', '', '', '', '0000-00-00 00:00:00', '0987506464', '', '', 0, 0, 1, '', 0),
(29, 1, 'Богуславський', 'Сергей', 'Александрович', '', '', '', '0000-00-00 00:00:00', '0632320054', '', '', 0, 0, 1, '', 0),
(30, 1, 'Василенко', 'Наталья', 'Константиновна', '', '', '', '0000-00-00 00:00:00', '0677446947', '', '', 0, 0, 1, '', 0),
(31, 1, 'Щекотихина', 'Дарья', 'Александровна', '', '', '', '0000-00-00 00:00:00', '0989886873', '', '', 0, 0, 1, '', 0),
(32, 1, 'Уткин', 'Николай', 'Витальевич', '', '', '', '0000-00-00 00:00:00', '0502567271', '', '', 0, 0, 1, '', 0),
(33, 1, 'Котельников', 'Александр', 'Сергеевич', '', '', '', '0000-00-00 00:00:00', '0675083330', '', '', 0, 0, 1, '', 0),
(34, 1, 'Лысенко', 'Наталия', 'Николаевна', '', '', '', '0000-00-00 00:00:00', '0999245404', '', '', 0, 0, 1, '', 0),
(35, 1, 'Бондаренко', 'Виктория', '______________', '', '', '', '0000-00-00 00:00:00', '0686595555', '', '', 0, 0, 1, '', 0),
(36, 1, 'Дегер', 'Юлия', '_________', '', '', '', '0000-00-00 00:00:00', '0503680680', '', '', 0, 0, 1, '', 0),
(37, 1, 'Хорошаев', 'Алексей', 'Юрьевич', '', '', '', '0000-00-00 00:00:00', '0672091517', '', '', 0, 0, 1, '', 0),
(38, 1, 'Мокий', 'София', 'Сергеевна', '', '', '', '0000-00-00 00:00:00', '0731023041', '', '', 0, 0, 1, '', 0),
(39, 1, 'Замировский', 'Роман', 'Владимирович', '', '', '', '0000-00-00 00:00:00', '0504439536', '', '', 0, 0, 1, '', 0),
(40, 1, 'Євремович', 'Андрей', '*', '', '', '', '0000-00-00 00:00:00', '0678787183', 'ул. Садовая 54, Славутич', '', 0, 0, 1, '', 0),
(41, 1, 'Трегуб', 'Виталий', 'Владимирович', '', '', '', '0000-00-00 00:00:00', '0675067200', '', '', 0, 0, 1, '', 0),
(42, 1, 'Байбузенко', 'Алексей', 'Глебович', '', '', '', '0000-00-00 00:00:00', '0934698900', '', '', 0, 0, 1, '', 0),
(43, 1, 'Грязнов', 'Станислав', 'Станиславович', '', '', '', '0000-00-00 00:00:00', '0632858966', '', '', 0, 0, 1, '', 0),
(44, 1, 'Боднарашек', 'Иван', 'Иллич', '', '', '', '0000-00-00 00:00:00', '0667612212', '', '', 0, 0, 1, '', 0),
(45, 1, 'Калиниченко', 'Наталья', 'Николаевна', '', '', '', '0000-00-00 00:00:00', '0679979772', 'ул. Туполева 54', '', 0, 0, 1, '', 0),
(46, 1, 'Мыколюк', 'Людмила', 'Иосифовна', '', '', '', '0000-00-00 00:00:00', '0673817808', 'ул. Белорусская 1', '', 0, 0, 1, '', 0),
(47, 1, 'Мудра', 'Наталия', 'Сергеевна', '', '', '', '0000-00-00 00:00:00', '0639452015', '', '', 0, 0, 1, '', 0),
(48, 1, 'Куценко', 'Олег', '___', '', '', '', '0000-00-00 00:00:00', '0983912273', 'г.Мариуполь, новая почта 11', '', 0, 0, 1, '', 0),
(49, 1, 'Левищенко', 'Виктория', '___', '', '', '', '0000-00-00 00:00:00', '0963859693', 'ул. Введенская 29/58', '', 0, 0, 1, '', 0),
(50, 1, 'Шевченко', 'Владислав', 'Юрьевич', '', '', '', '0000-00-00 00:00:00', '0671116164', '', '', 0, 0, 1, '', 0),
(51, 1, 'Хайдори', 'Наталия', '__', '', '', '', '0000-00-00 00:00:00', '0969126435', 'Голосеевский пр, 62, кв.99', '', 0, 0, 1, '', 0),
(52, 1, 'Баланчук', 'Никита', 'Сергеевич', '', '', '', '0000-00-00 00:00:00', '0507314699', '', '', 0, 0, 1, '', 0),
(53, 1, 'Стариковский', 'Валерий', 'Михайлович', '', '', '', '0000-00-00 00:00:00', '0675363228', '', '', 0, 0, 1, '', 0),
(54, 1, 'Бентя', 'Матвей', 'Леонидович', '', '', '', '0000-00-00 00:00:00', '0937911289', '', '', 0, 0, 1, '', 0),
(55, 1, 'Нагребельная', 'Ольга', 'Олеговна', '', '', '', '0000-00-00 00:00:00', '0951195120', 'ул большая житомирская 8а', '', 0, 0, 1, '', 0),
(56, 1, 'Донец', 'Елена', 'Владимировна', '', '', '', '0000-00-00 00:00:00', '0992323793', '', '', 0, 0, 1, '', 0),
(57, 1, 'Голубенко', 'Анастасия', '__', '', '', '', '0000-00-00 00:00:00', '0969300899', 'Владимирская 18/2 приватбанк', '', 0, 0, 1, '', 0),
(58, 1, 'Кей', 'Николай', 'Спепанович', '', '', '', '0000-00-00 00:00:00', '0505471135', '', '', 0, 0, 1, '', 0),
(59, 1, 'Дрощенко', 'Наталия', 'Алексеевна', '', '', '', '0000-00-00 00:00:00', '0978723109', 'ул.Краковская 11, кв.67, п.1,5эт.', '', 0, 0, 1, '', 0),
(60, 1, 'Тищенко', 'Катерина', 'Александровна', '', '', '', '0000-00-00 00:00:00', '0636868316', 'щорса 31', '', 0, 0, 1, '', 0),
(61, 1, 'Шевченко', 'Виталий', '___', '', '', '', '0000-00-00 00:00:00', '0954837727', '', '', 0, 0, 1, '', 0),
(62, 1, 'Шишкин', 'Григорий', 'Евгеньевич', '', '', '', '0000-00-00 00:00:00', '0674643949', '', '', 0, 0, 1, '', 0),
(63, 1, 'Куц', 'Вячеслав', 'Иванович', '', '', '', '0000-00-00 00:00:00', '0987992033', 'Саксаганского, 37, кв.5, код 149', '', 0, 0, 1, '', 0),
(64, 1, 'Пацира', 'Андрей', 'ТОВ УКРАЇНСЬКА ХІМІЧНА МЕРЕЖА', '', '', '', '0000-00-00 00:00:00', '0504616694', 'вул. Урицького, 45', '', 0, 0, 1, '', 0),
(65, 1, 'Луценко', 'Артём', 'Евгеньевич', '', '', '', '0000-00-00 00:00:00', '0662475414', 'переулок георгиевский 2, 1п, домофон 2', '', 0, 0, 1, '', 0),
(66, 1, 'Станчевский', 'Александр', '__', '', '', '', '0000-00-00 00:00:00', '0939109952', 'мелитополь, отдел 1', '', 0, 0, 1, '', 0),
(67, 1, 'Зеленый', 'Иван', 'Владиславович', '', '', '', '0000-00-00 00:00:00', '0987815028', '', '', 0, 0, 1, '', 0),
(68, 1, 'Крылов', 'Виталий', 'Владимирович', '', '', '', '0000-00-00 00:00:00', '0933033387', '', '', 0, 0, 1, '', 0),
(69, 1, 'Коваленко', 'Юрий', 'Александрович', '', '', '', '0000-00-00 00:00:00', '0637200394', '', '', 0, 0, 1, '', 0),
(70, 1, 'Чернявская', 'Анна', 'Сергеевна', '', '', '', '0000-00-00 00:00:00', '0939735193', 'ул. семьи хохловых 15, фирма ЧУДОВО', '', 0, 0, 1, '', 0),
(71, 1, 'Мищук', 'Александр', 'Викторович', '', '', '', '0000-00-00 00:00:00', '0984237119', '', '', 0, 0, 1, '', 0),
(72, 1, 'Фищенко', 'Галина', 'Николаевна', '', '', '', '0000-00-00 00:00:00', '0672230527', 'ул. Семьи Хохловых, 11/2, напротив мотозавода, фирма ТОВ САН ПАРК', '', 0, 0, 1, '', 0),
(73, 1, 'Чень', 'Юнь', 'Бо', '', '', '', '0000-00-00 00:00:00', '0977740166', 'Ул. Елизаветы Чавдар 3, оф. 214', '', 0, 0, 1, '', 0),
(74, 1, 'Макаренко', 'Виктор', '__', '', '', '', '0000-00-00 00:00:00', '0639514987', 'ул. Воздвиженская, 22', '', 0, 0, 1, '', 0),
(75, 1, 'Каминский', 'Александр', 'Викторович', '', '', '', '0000-00-00 00:00:00', '0672420694', '', '', 0, 0, 1, '', 0),
(76, 1, 'Подольна', 'Наталья', 'Игоревна', '', '', '', '0000-00-00 00:00:00', '0673283856', '', '', 0, 0, 1, '', 0),
(77, 1, 'Джунь', 'Алексей', 'Викторович', '', '', '', '0000-00-00 00:00:00', '0503802557', '', '', 0, 0, 1, '', 0),
(78, 1, 'Иванов', 'Виталий', 'Владимирович', '', '', '', '0000-00-00 00:00:00', '0672636022', 'михайловская 24а, блюз_бар', '', 0, 0, 1, '', 0),
(79, 1, 'Мухловец', 'Елена', '', '', '', '', '0000-00-00 00:00:00', '0505548610', 'Обсерваторная 12б', '', 0, 0, 1, '', 0),
(80, 1, 'Тимошенко', 'Василий', 'Александрович', '', '', '', '0000-00-00 00:00:00', '0937442207', '', '', 0, 0, 1, '', 0),
(81, 1, 'Ковальчук', 'Игорь', '__', '', '', '', '0000-00-00 00:00:00', '0636511500', '', '', 0, 0, 1, '', 0),
(82, 1, 'Тимченко', 'Геннадий', '___', '', '', '', '0000-00-00 00:00:00', '0964147297', 'Павловская 18', '', 0, 0, 1, '', 0),
(83, 1, 'Дрок', 'Богдана', 'Александровна', '', '', '', '0000-00-00 00:00:00', '0939036528', '', '', 0, 0, 1, '', 0),
(84, 1, 'Канаева', 'Наталья', 'Ивановна', '', '', '', '0000-00-00 00:00:00', '0937021213', 'Петра Радченка, 31', '', 0, 0, 1, '', 0),
(85, 1, 'Ткачук', 'Лилия', 'Александровна', '', '', '', '0000-00-00 00:00:00', '0986491149', '', '', 0, 0, 1, '', 0),
(86, 1, 'Пасак', 'Алексей', 'Викторович', '', '', '', '0000-00-00 00:00:00', '0679071107', 'ул. Урловская 11а', '', 0, 0, 1, '', 0),
(87, 1, 'Пошукай', 'Виктор', 'Николаевич', '', '', '', '0000-00-00 00:00:00', '0957194895', '', '', 0, 0, 1, '', 0),
(88, 1, 'Власюк', 'Валерий', 'Тротимович', '', '', '', '0000-00-00 00:00:00', '0980932010', '', '', 0, 0, 1, '', 0),
(89, 1, 'Котлярчик', 'Ольга', 'Владимировна', '', '', '', '0000-00-00 00:00:00', '0672805866', '', '', 0, 0, 1, '', 0),
(90, 1, 'Чмут', 'Андрей', 'Сергеевич', '', '', '', '0000-00-00 00:00:00', '0638336121', '', '', 0, 0, 1, '', 0),
(91, 1, 'Мрозек', 'Роман', 'Евгенович', '', '', '', '0000-00-00 00:00:00', '0954204859', '', '', 0, 0, 1, '', 0),
(92, 1, 'Москалець', 'Олексій', 'Геннадійович', '', '', '', '0000-00-00 00:00:00', '0972667934', '', '', 0, 0, 1, '', 0),
(93, 1, 'Валейтёнок', 'Алексей', 'Едуардович', '', '', '', '0000-00-00 00:00:00', '0662087001', '', '', 0, 0, 1, '', 0),
(94, 1, 'Малиновский', 'Сергей', 'Валентинович', '', '', '', '0000-00-00 00:00:00', '0500724880', '', '', 0, 0, 1, '', 0),
(95, 1, 'Анкеева', 'Любовь', 'Александровна', '', '', '', '0000-00-00 00:00:00', '0679123288', 'Пушиной 2', '', 0, 0, 1, '', 0),
(96, 1, '__', 'Анастасия', '__', '', '', '', '0000-00-00 00:00:00', '0956034041', 'Гусовского 42', '', 0, 0, 1, '', 0),
(97, 1, 'Ткаченко', 'Елена', 'Владимировна', '', '', '', '0000-00-00 00:00:00', '0672344069', '', '', 0, 0, 1, '', 0),
(98, 1, 'Коваленко', 'Юрий', 'Николаевич', '', '', '', '0000-00-00 00:00:00', '0503304273', 'Константиновская 59/5', '', 0, 0, 1, '', 0),
(99, 1, 'Стецюк', 'Анна', 'Владимировна', '', '', '', '0000-00-00 00:00:00', '0689793142', 'Волошская 50/38', '', 0, 0, 1, '', 0),
(100, 1, 'Михайленко', 'Вячеслав', '', '', '', '', '0000-00-00 00:00:00', '0731511779', '', '', 0, 0, 1, '', 0),
(101, 1, 'Лапенко', 'Володимир', '__', '', '', '', '0000-00-00 00:00:00', '0936639653', '', '', 0, 0, 1, '', 0),
(102, 1, 'Абрамов', 'Олег', 'Ивановоч', '', '', '', '0000-00-00 00:00:00', '0976151203', '', '', 0, 0, 1, '', 0),
(103, 1, 'розум', 'розум', 'розум', '', '', '', '0000-00-00 00:00:00', '0965896633', '', '', 0, 0, 1, '', 0),
(104, 1, 'Рыбченко', 'Владимир', 'Павлович', '', '', '', '0000-00-00 00:00:00', '0504196443', 'ул. Набережно-Луговая 4, Автосалон &quot;НИКО ЦЕНТР КИЕВ&quot; Mitsubishi', '', 0, 0, 1, '', 0),
(105, 1, 'Хазов', 'Алексей', 'Сергеевич', '', '', '', '0000-00-00 00:00:00', '0509848506', '', '', 0, 0, 1, '', 0),
(106, 1, 'Бойцан', 'Сергей', 'Владимирович', '', '', '', '0000-00-00 00:00:00', '0633569278', 'Воздвиженская 22', '', 0, 0, 1, '', 0),
(107, 1, 'Капренко', 'Мария', 'Викторовна', '', '', '', '0000-00-00 00:00:00', '0503389730', 'Кириловская 86', '', 0, 0, 1, '', 0),
(108, 1, 'Кахан', 'Богдан', 'Вячеславович', '', '', '', '0000-00-00 00:00:00', '0503515108', 'Краснознаменная 28', '', 0, 0, 1, '', 0),
(109, 1, 'Дубачинский', 'Олег', '__', '', '', '', '0000-00-00 00:00:00', '0633561155', 'Николаев, новая почта №1', '', 0, 0, 1, '', 0),
(110, 1, 'Шевчук', 'Анжела', 'Алексеевна', '', '', '', '0000-00-00 00:00:00', '0935550353', 'Сурикова 3, корпус 8б', '', 0, 0, 1, '', 0),
(111, 1, 'Герасимчук', 'Андрій', 'Васильович', '', '', '', '0000-00-00 00:00:00', '0973764789', '', '', 0, 0, 1, '', 0),
(112, 1, 'Иванов', 'Владислав', '__', '', '', '', '0000-00-00 00:00:00', '0999000068', 'Маяковского 63а', '', 0, 0, 1, '', 0),
(113, 1, 'Малюта', 'Наталья', 'Васильевна', '', '', '', '0000-00-00 00:00:00', '0507236343', 'Малиновского 32а, Лото Маркет', '', 0, 0, 1, '', 0),
(114, 1, 'Никлюдов', 'Иван', '__', '', '', '', '0000-00-00 00:00:00', '0937509965', '', '', 0, 0, 1, '', 0),
(115, 1, 'Волостнов', 'Евгений', '__', '', '', '', '0000-00-00 00:00:00', '0679453479', 'Марка Черемшины, 17/3', '', 0, 0, 1, '', 0),
(116, 1, 'Платонов', 'Дмитрий', '', '', '', '', '0000-00-00 00:00:00', '0674673609', 'Артиллерийский переулок 13', '', 0, 0, 1, '', 0),
(117, 1, 'Кушнир', 'Анатолий', 'Григорович', '', '', '', '0000-00-00 00:00:00', '0958987429', 'г.Кропивницкий, новая почта №9', '', 0, 0, 1, '', 0),
(118, 1, 'Удовенко', 'Татьяна', 'Николаевна', '', '', '', '0000-00-00 00:00:00', '0672765879', 'Кондратюка 7/13', '', 0, 0, 1, '', 0),
(119, 1, 'Катющенко', 'Константин', 'Олегович', '', '', '', '0000-00-00 00:00:00', '0675057045', '', '', 0, 0, 1, '', 0),
(120, 1, 'Клименко', 'Юрий', 'Васильевич', '', '', '', '0000-00-00 00:00:00', '0675090758', '', '', 0, 0, 1, '', 0),
(121, 1, 'Хожиев', 'Искандер', '', '', '', '', '0000-00-00 00:00:00', '0965251776', 'пр. Академіка Глушкова, 3 - Южная автостанция, Кафе.', '', 0, 0, 1, '', 0),
(122, 1, 'Пермяков', 'Николай', 'Юрьевич', '', '', '', '0000-00-00 00:00:00', '0675091572', '', '', 0, 0, 1, '', 0),
(123, 1, 'Кадеева', 'Ольга', '__', '', '', '', '0000-00-00 00:00:00', '0675024202', 'ул. Васильковская 1, офисный центр - магазин &quot;Конный мир&quot;', '', 0, 0, 1, '', 0),
(124, 1, 'Шлапак', 'Виктория', 'Леонидовна', '', '', '', '0000-00-00 00:00:00', '0678858814', 'ул. Баумана 25', '', 0, 0, 1, '', 0),
(125, 1, 'Маяровский', 'Сергей', 'Николаевич', '', '', '', '0000-00-00 00:00:00', '0638426252', '', '', 0, 0, 1, '', 0),
(126, 1, 'Шевченко', 'Александр', 'Николаевич', '', '', '', '0000-00-00 00:00:00', '0674678614', '', '', 0, 0, 1, '', 0),
(127, 1, 'Рубан', 'Константин', 'Васильевич', '', '', '', '0000-00-00 00:00:00', '0675008029', '', '', 0, 0, 1, '', 0),
(128, 1, 'Спасибко', 'Дмитрий', 'Александрович', '', '', '', '0000-00-00 00:00:00', '0973982475', '', '', 0, 0, 1, '', 0),
(129, 1, 'Назаренко', 'Виталий', 'Игоревич', '', '', '', '0000-00-00 00:00:00', '0935479578', 'ул. Маршала Конева 7а, кв.48', '', 0, 0, 1, '', 0),
(130, 1, 'Зубатюк', 'Ярослав', 'Алексеевич', '', '', '', '0000-00-00 00:00:00', '0675470239', 'ул. Соборная 46, 9эт, кв.108', '', 0, 0, 1, '', 0),
(131, 1, 'Швец', 'Александр', 'Петрович', '', '', '', '0000-00-00 00:00:00', '0992189998', '', '', 0, 0, 1, '', 0),
(132, 1, 'Бойченко', 'Сергей', 'Владимирович', '', '', '', '0000-00-00 00:00:00', '0672388249', '', '', 0, 0, 1, '', 0),
(133, 1, 'Бублик', 'Алексей', 'Владимирович', '', '', '', '0000-00-00 00:00:00', '0673217357', '', '', 0, 0, 1, '', 0),
(134, 1, 'Шубина', 'Светлана', 'Николаевна', '', '', '', '0000-00-00 00:00:00', '0953815225', 'Леся Курбаса 5в, кв.115', '', 0, 0, 1, '', 0),
(135, 1, 'Шумейко', 'Людмила', 'Самуиловна', '', '', '', '0000-00-00 00:00:00', '0506215559', '', '', 0, 0, 1, '', 0),
(136, 1, 'Пилипенко', 'Александр', 'Акимович', '', '', '', '0000-00-00 00:00:00', '0503315622', '', '', 0, 0, 1, '', 0),
(137, 1, 'Глущик', 'Сергій', 'Васильович', '', '', '', '0000-00-00 00:00:00', '0953613364', '', '', 0, 0, 1, '', 0),
(138, 1, 'Лисичкін', 'Костянтин', 'Володимирович', '', '', '', '0000-00-00 00:00:00', '0662827402', '', '', 0, 0, 1, '', 0),
(139, 1, 'Молоха', 'Оксана', '___', '', '', '', '0000-00-00 00:00:00', '0505010934', '', '', 0, 0, 1, '', 0),
(140, 1, 'Пашкивська', 'Валентина', '', '', '', '', '0000-00-00 00:00:00', '0679430536', '', '', 0, 0, 1, '', 0),
(141, 1, '__', 'Алексей', '__', '', '', '', '0000-00-00 00:00:00', '0632479599', '', '', 0, 0, 1, '', 0),
(142, 1, 'Троцюк', 'Андрей', 'Сергеевич', '', '', '', '0000-00-00 00:00:00', '0952169234', '', '', 0, 0, 1, '', 0),
(143, 1, 'Савченко', 'Олексей', 'Владимирович', '', '', '', '0000-00-00 00:00:00', '0503222515', 'г.Бердянск, новая почта 3, шевченка 71', '', 0, 0, 1, '', 0),
(144, 1, 'Сорокина', 'Елена', '__', '', '', '', '0000-00-00 00:00:00', '0638748001', 'г.Дубно, новая почта 2, ул.свободы 7', '', 0, 0, 1, '', 0),
(145, 1, 'Титов', 'Герман', '__', '', '', '', '0000-00-00 00:00:00', '0504479661', 'ул. Петропавловская 34', '', 0, 0, 1, '', 0),
(146, 1, 'Бурдейный', 'Анатолий', 'Григорьевич', '', '', '', '0000-00-00 00:00:00', '0674042496', 'ул. Дарвина8', '', 0, 0, 1, '', 0),
(147, 1, 'Гнатцов', 'Сергей', 'Александрович', '', '', '', '0000-00-00 00:00:00', '0674655091', 'ул. Никольско-Слободская, 6б, кв.11', '', 0, 0, 1, '', 0),
(148, 1, 'Пахомова', 'Лариса', 'Дмитревна', '', '', '', '0000-00-00 00:00:00', '0677499118', 'Гмыри 5а, кв.17', '', 0, 0, 1, '', 0),
(149, 1, 'Яновская', 'Юлия', 'Олеговна', '', '', '', '0000-00-00 00:00:00', '0501780181', 'Большая Васильковская 72', '', 0, 0, 1, '', 0),
(150, 1, 'Кауров', 'Павел', 'Вячеславович', '', '', '', '0000-00-00 00:00:00', '0672361420', 'Шутова 9a, оф. 313', '', 0, 0, 1, '', 0),
(151, 1, 'Солодовиченко', 'Александр', 'Сергеевич', '', '', '', '0000-00-00 00:00:00', '0992317270', 'м.Позняки, рынок позняки, интернет_клуб', '', 0, 0, 1, '', 0),
(152, 1, 'Корноковец', 'Светлана', 'Григорьевна', '', '', '', '0000-00-00 00:00:00', '0667605985', 'ул. Никопольская 19', '', 0, 0, 1, '', 0),
(153, 1, 'Мухайлуха', 'Владимир', 'Владимирович', '', '', '', '0000-00-00 00:00:00', '0503808968', 'Клеманская 1/5, Эльмастер', '', 0, 0, 1, '', 0),
(154, 1, 'Козак', 'Александр', 'Владимирович', '', '', '', '0000-00-00 00:00:00', '0503115515', '', '', 0, 0, 1, '', 0),
(155, 1, 'Ковальский', 'Олег', 'Алексеевич', '', '', '', '0000-00-00 00:00:00', '0674583306', '', '', 0, 0, 1, '', 0),
(156, 1, 'Буланый', 'Евгений', 'Валерьевич', '', '', '', '0000-00-00 00:00:00', '0680526088', '', '', 0, 0, 1, '', 0),
(157, 1, 'Сыромятников', 'Виктор', 'Викторович', '', '', '', '0000-00-00 00:00:00', '0989121626', '', '', 0, 0, 1, '', 0),
(158, 1, 'Ширинговский', 'Владимир', 'Александрович', '', '', '', '0000-00-00 00:00:00', '0937100059', '', '', 0, 0, 1, '', 0),
(159, 1, 'Тюникова', 'Наталья', 'Александровна', '', '', '', '0000-00-00 00:00:00', '0969228778', '', '', 0, 0, 1, '', 0),
(160, 1, 'Бесядовский', 'Вадим', 'Евгеньевич', '', '', '', '0000-00-00 00:00:00', '0632630763', '', '', 0, 0, 1, '', 0),
(161, 1, 'Новичков', 'Анатолий', 'Сергеевич', '', '', '', '0000-00-00 00:00:00', '0675043199', 'ул. Мельникова 2/10', '', 0, 0, 1, '', 0),
(162, 1, 'Билан', 'Кира', 'Владимировна', '', '', '', '0000-00-00 00:00:00', '0634077889', '', '', 0, 0, 1, '', 0),
(163, 1, 'Демуренко', 'Юля', '', '', '', '', '0000-00-00 00:00:00', '0674972429', '', '', 0, 0, 1, '', 0),
(164, 1, 'Макарчук', 'Татьяна', 'Алексеевна', '', '', '', '0000-00-00 00:00:00', '___', 'ул. Якира 10а', '', 0, 0, 1, '', 0),
(165, 1, 'Жук', 'Игорь', '', '', '', '', '0000-00-00 00:00:00', '0678877749', 'Героев Сталенграда 4 корпус 6 кв 45', '', 0, 0, 1, '', 0),
(166, 1, 'Сутковой', 'Павер', 'Дмитрович', '', '', '', '0000-00-00 00:00:00', '0677067415', '', '', 0, 0, 1, '', 0),
(167, 1, 'Пилипенко', 'Инесса', 'Владиславовна', '', '', '', '0000-00-00 00:00:00', '0992550771', '', '', 0, 0, 1, '', 0),
(168, 1, 'Зеленский', 'Георгий', 'Юрьевич', '', '', '', '0000-00-00 00:00:00', '0677443357', '', '', 0, 0, 1, '', 0),
(169, 1, 'Кобзарь', 'Сергей', 'Александрович', '', '', '', '0000-00-00 00:00:00', '0991254979', '', '', 0, 0, 1, '', 0),
(170, 1, 'Бялова', 'Ольга', 'Евгеньевна', '', '', '', '0000-00-00 00:00:00', '0503305224', 'Лютеранская 21, кв. 5', '', 0, 0, 1, '', 0),
(171, 1, 'Витвицкий', 'Владимир', 'Викторович', '', '', '', '0000-00-00 00:00:00', '0505541819', 'ул. Семьи Кульженков, 35', '', 0, 0, 1, '', 0),
(172, 1, 'Андросюк', 'Леся', 'Николаевна', '', '', '', '0000-00-00 00:00:00', '0933815272', 'М. Мишина, 3', '', 0, 0, 1, '', 0),
(173, 1, 'Кушнир', 'Игорь', 'Васильвич', '', '', '', '0000-00-00 00:00:00', '0936846666', '', '', 0, 0, 1, '', 0),
(174, 1, 'Калытчук', 'Богдана', 'Игоревна', '', '', '', '0000-00-00 00:00:00', '0669460708', '', '', 0, 0, 1, '', 0),
(175, 1, 'Осинская', 'Вита', 'Анатольевна', '', '', '', '0000-00-00 00:00:00', '0985999177', 'ул. Борщаговская 189', '', 0, 0, 1, '', 0),
(176, 1, 'Сила', 'Марина', 'Сергеевна', '', '', '', '0000-00-00 00:00:00', '0507330008', 'ул. Хорива 50, оф. 27', '', 0, 0, 1, '', 0),
(177, 1, 'Шульга', 'Анна', 'Васильевна', '', '', '', '0000-00-00 00:00:00', '0969193307', 'Петропавловская Борщаговка, ул. Соборная (Ленина) 1б', '', 0, 0, 1, '', 0),
(178, 1, 'Касiнчук', 'Соломiя', 'Юрiевна', '', '', '', '0000-00-00 00:00:00', '0968460880', '', '', 0, 0, 1, '', 0),
(179, 1, 'Саварець', 'Андрий', '', '', '', '', '0000-00-00 00:00:00', '0672308532', '', '', 0, 0, 1, '', 0),
(180, 1, 'Лях', 'Андрей', 'Николаевич', '', '', '', '0000-00-00 00:00:00', '0993465914', '', '', 0, 0, 1, '', 0),
(181, 1, 'Заводовский', 'Евгений', 'Сергеевич', '', '', '', '0000-00-00 00:00:00', '09794113611', 'ул Шевковичная 39/1', '', 0, 0, 1, '', 0),
(182, 1, 'Борисова', 'Катерина', 'Дмитриевна', '', '', '', '0000-00-00 00:00:00', '0502940404', 'ул Героев Сталинграда 2д', '', 0, 0, 1, '', 0),
(183, 1, 'Кривой', 'Татьяна', 'Николаевна', '', '', '', '0000-00-00 00:00:00', '0672608923', 'ул Днепровская Набережна 16а', '', 0, 0, 1, '', 0),
(184, 1, 'Гайдучек', 'Валерия', 'Акоповна', '', '', '', '0000-00-00 00:00:00', '0635970148', 'Большая Васильковская 66', '', 0, 0, 1, '', 0),
(185, 1, 'Добрянская', 'Алла', 'Николаевна', '', '', '', '0000-00-00 00:00:00', '0635776916', 'ул Прорезная 21', '', 0, 0, 1, '', 0),
(186, 1, 'Драганчук', 'Оксана', 'Тодоровна', '', '', '', '0000-00-00 00:00:00', '0676915555', '', '', 0, 0, 1, '', 0),
(187, 1, 'Коренной', 'Владислав', 'Владимирович', '', '', '', '0000-00-00 00:00:00', '0935484818', '', '', 0, 0, 1, '', 0),
(188, 1, 'Кривицкий', 'Борис', 'Семенович', '', '', '', '0000-00-00 00:00:00', '0503589209', '', '', 0, 0, 1, '', 0),
(189, 1, 'Плахтий', 'Андрей', 'Владимирович', '', '', '', '0000-00-00 00:00:00', '0672465886', '', '', 0, 0, 1, '', 0),
(190, 1, 'Заяц', 'Мирослава', '.', '', '', '', '0000-00-00 00:00:00', '0663910232', 'Шота Руставели 23', '', 0, 0, 1, '', 0),
(191, 1, 'Присмицкий', 'Сергей', 'Андреевич', '', '', '', '0000-00-00 00:00:00', '0934953186', '', '', 0, 0, 1, '', 0),
(192, 1, 'Любезний', 'Iгор', 'Анаталiйович', '', '', '', '0000-00-00 00:00:00', '0631362094', '', '', 0, 0, 1, '', 0),
(193, 1, '_', 'Алена', '_', '', '', '', '0000-00-00 00:00:00', '0950556387', 'Березняковская 29а', '', 0, 0, 1, '', 0),
(194, 1, 'Лыков', 'Дмитрий', 'Александрович', '', '', '', '0000-00-00 00:00:00', '0985567477', 'Регенераторна 4', '', 0, 0, 1, '', 0),
(195, 1, 'Нечипуренко', 'Вячеслав', 'Владимирович', '', '', '', '0000-00-00 00:00:00', '0675485815', 'пер. Крепостной, 4', '', 0, 0, 1, '', 0),
(196, 1, 'Митрофанов', 'Виталий', 'Владимирович', '', '', '', '0000-00-00 00:00:00', '0675379783', 'ул. Генерала Наумова 3', '', 0, 0, 1, '', 0),
(197, 1, 'Стреганов', 'Валерий', '', '', '', '', '0000-00-00 00:00:00', '0667176660', '', '', 0, 0, 1, '', 0),
(198, 1, 'Кулешев', 'Станислав', 'Анатолиевич', '', '', '', '0000-00-00 00:00:00', '0675012740', 'ул.Новоконстантиновская 1б', '', 0, 0, 1, '', 0),
(199, 1, 'Ситцевой', 'Геннадий', 'Валерьевич', '', '', '', '0000-00-00 00:00:00', '0936450707', '', '', 0, 0, 1, '', 0),
(200, 1, 'Кравченко', 'Виталий', 'Викторович', '', '', '', '0000-00-00 00:00:00', '0673136041', '', '', 0, 0, 1, '', 0),
(201, 1, 'Береза', 'Наталия', '.', '', '', '', '0000-00-00 00:00:00', '0672202398', '', '', 0, 0, 1, '', 0),
(202, 1, 'Короленко', 'Ольга', 'Александровна', '', '', '', '0000-00-00 00:00:00', '0503121771', 'ул. Днепровская - Набережная 19, кв. 304', '', 0, 0, 1, '', 0),
(203, 1, 'Гончар', 'Юлия', '.', '', '', '', '0000-00-00 00:00:00', '0979119871', 'ул. Борщаговская 10, кв.113', '', 0, 0, 1, '', 0),
(204, 1, 'Ревуцкая', 'Людмила', '', '', '', '', '0000-00-00 00:00:00', '0504127767', '', '', 0, 0, 1, '', 0),
(205, 1, 'Адащан', 'Армен', '.', '', '', '', '0000-00-00 00:00:00', '0673232626', 'пер. Балтийский 23', '', 0, 0, 1, '', 0),
(206, 1, 'Сингаевская', 'Ирина', '.', '', '', '', '0000-00-00 00:00:00', '0977056266', 'ул. Бажова 3, кв.51', '', 0, 0, 1, '', 0),
(207, 1, 'Чернявский', 'Евгений', '.', '', '', '', '0000-00-00 00:00:00', '0501877239', 'ул. вана Миколайчука (Серафимовича) 7, фасад- адвокат,нотариус', '', 0, 0, 1, '', 0),
(208, 1, 'Антонов', 'Александр', '.', '', '', '', '0000-00-00 00:00:00', '0674011046', '', '', 0, 0, 1, '', 0),
(209, 1, 'Швед', 'Владимир', '.', '', '', '', '0000-00-00 00:00:00', '0966917857', '', '', 0, 0, 1, '', 0),
(210, 1, 'Кириленко', 'Дмитрий', '.', '', '', '', '0000-00-00 00:00:00', '0968488053', '', '', 0, 0, 1, '', 0),
(211, 1, 'Жабинская', 'Анастасия', 'Андреевна', '', '', '', '0000-00-00 00:00:00', '0634222249', '', '', 0, 0, 1, '', 0),
(212, 1, 'Мальцева', 'Наталия', 'Николаевна', '', '', '', '0000-00-00 00:00:00', '0636216869', 'Крюковщина, ул. Поповича 5', '', 0, 0, 1, '', 0),
(213, 1, 'Петрова', 'Мария', '.', '', '', '', '0000-00-00 00:00:00', '0508841071', 'ул. Бульварно-Кудрявская 33б', '', 0, 0, 1, '', 0),
(214, 1, 'Довжок', 'Игорь', '.', '', '', '', '0000-00-00 00:00:00', '0973667562', '', '', 0, 0, 1, '', 0),
(215, 1, 'Чуйко', 'Елена', 'Георгиевна', '', '', '', '0000-00-00 00:00:00', '0679089686', 'ул. Вишняковская 7а, кв.11', '', 0, 0, 1, '', 0),
(216, 1, 'Великодный', 'Юрий', 'Владимирович', '', '', '', '0000-00-00 00:00:00', '0672323064', 'ул. Бальзака 82, кв. 8', '', 0, 0, 1, '', 0),
(217, 1, 'Химченко', 'Виктория', 'Сергеевна', '', '', '', '0000-00-00 00:00:00', '0957780773', 'ул. Днепровская набережная 14', '', 0, 0, 1, '', 0),
(218, 1, 'Плазинский', 'Иван', 'Вячеславович', '', '', '', '0000-00-00 00:00:00', '0503531465', '', '', 0, 0, 1, '', 0),
(219, 1, 'Антропов', 'Сергей', '.', '', '', '', '0000-00-00 00:00:00', '0506576741', '', '', 0, 0, 1, '', 0),
(220, 1, 'Поляков', 'Вячеслав', 'Юрьевич', '', '', '', '0000-00-00 00:00:00', '0933996406', '', '', 0, 0, 1, '', 0),
(221, 1, 'Попов', 'Владимир', '.', '', '', '', '0000-00-00 00:00:00', '0958777807', '', '', 0, 0, 1, '', 0),
(222, 1, 'Ватажок', 'Игорь', '.', '', '', '', '0000-00-00 00:00:00', '0676918323', '', '', 0, 0, 1, '', 0),
(223, 1, 'Зильбер', 'Дмитрий', '.', '', '', '', '0000-00-00 00:00:00', '0504625860', '', '', 0, 0, 1, '', 0),
(224, 1, 'Довгодитенко', 'Игорь', '.', '', '', '', '0000-00-00 00:00:00', '0505463263', 'ул. Кадетский Гай 3, кв.241', '', 0, 0, 1, '', 0),
(225, 1, 'Серебрий', 'Надежда', '.', '', '', '', '0000-00-00 00:00:00', '0634571827', 'Харьковское шоссе 201/203, фирма Горизонт, 5эт.', '', 0, 0, 1, '', 0),
(226, 1, 'Усик', 'Надежда', '.', '', '', '', '0000-00-00 00:00:00', '0668300447', 'ул. Лобановского 15/7', '', 0, 0, 1, '', 0),
(227, 1, 'Яценко', 'Игорь', 'Алексеевич', '', '', '', '0000-00-00 00:00:00', '0674051623', 'Бортничи, ул. Карла-Маркса 45а', '', 0, 0, 1, '', 0),
(228, 1, 'Богдан', 'Светлана', '.', '', '', '', '0000-00-00 00:00:00', '0673254630', 'ул. Шахтерская 9г', '', 0, 0, 1, '', 0),
(229, 1, 'Юрий', 'Гарбуз', '.', '', '', '', '0000-00-00 00:00:00', '0674320122', '', '', 0, 0, 1, '', 0),
(230, 1, 'Перевичус', 'Виктор', '.', '', '', '', '0000-00-00 00:00:00', '0957504811', 'ул. Мечникова, 16а, оф. 908, ТОВ &quot;Фарм Агро&quot;', '', 0, 0, 1, '', 0),
(231, 1, 'Шпигунова', 'Мария', '.', '', '', '', '0000-00-00 00:00:00', '0952959055', 'ул. Липская 15в кв.16 Школа англ.', '', 0, 0, 1, '', 0),
(232, 1, 'Ревякина', 'Марина', '.', '', '', '', '0000-00-00 00:00:00', '0503889913', 'вулиця Валентини Чайки, 16, село Чайки', '', 0, 0, 1, '', 0),
(233, 1, 'Кеда', 'Сергей', '.', '', '', '', '0000-00-00 00:00:00', '0505050976', '', '', 0, 0, 1, '', 0),
(234, 1, 'Колесник', 'Николай', '.', '', '', '', '0000-00-00 00:00:00', '0976621716', '', '', 0, 0, 1, '', 0),
(235, 1, 'Нечеснюк', 'Елена', 'Васильевна', '', '', '', '0000-00-00 00:00:00', '0676583280', '', '', 0, 0, 1, '', 0),
(236, 1, 'Лопушенко', 'Александр', '', '', '', '', '0000-00-00 00:00:00', '0674491336', '', '', 0, 0, 1, '', 0),
(237, 1, 'Кислицька', 'Альона', 'Володимирiвна', '', '', '', '0000-00-00 00:00:00', '0978234230', '', '', 0, 0, 1, '', 0),
(238, 1, 'Шпак', 'Елена', '.', '', '', '', '0000-00-00 00:00:00', '0988448869', '', '', 0, 0, 1, '', 0),
(239, 1, 'Кириченко', 'Владимир', '.', '', '', '', '0000-00-00 00:00:00', '0503511885', 'г. малин, отд новой почты номер 2', '', 0, 0, 1, '', 0),
(240, 1, 'Колесник', 'Виктория', '.', '', '', '', '0000-00-00 00:00:00', '0674050031', 'ул. Євгена Коновальца 44Б, УКРАИНСКАЯ СТРОИТЕЛЬНАЯ ЭКСПЕРТИЗА', '', 0, 0, 1, '', 0),
(241, 1, 'Маркитаненко', 'Инна', '.', '', '', '', '0000-00-00 00:00:00', '0665619400', '', '', 0, 0, 1, '', 0),
(242, 1, 'Андроник', 'Алла', '.', '', '', '', '0000-00-00 00:00:00', '0977969707', 'ул. Перова 6, магазин продукты', '', 0, 0, 1, '', 0),
(243, 1, 'Волга', 'Игорь', '.', '', '', '', '0000-00-00 00:00:00', '0504511011', '', '', 0, 0, 1, '', 0),
(244, 1, 'Высоцкий', 'Александр', '.', '', '', '', '0000-00-00 00:00:00', '0974223104', 'ул. И.Мазепы 3, кв.71, код 71В, под.5', '', 0, 0, 1, '', 0),
(245, 1, 'Ефремов', 'Андрей', '.', '', '', '', '0000-00-00 00:00:00', '0674415851', 'ул. Горького 48Б, кв.2', '', 0, 0, 1, '', 0),
(246, 1, 'Вишневецкая', 'Мария', '', '', '', '', '0000-00-00 00:00:00', '0503348876', '', '', 0, 0, 1, '', 0),
(247, 1, 'Бортник', 'Игорь', '.', '', '', '', '0000-00-00 00:00:00', '0506100707', 'Институт нейрохирургии, Платона Майбороды 32, 7эт, каб. 5', '', 0, 0, 1, '', 0),
(248, 1, 'Ходзивская', 'Татьяна', 'Ивановна', '', '', '', '0000-00-00 00:00:00', '0976273036', 'вул. Деревообробна, 7, 3 этаж, "ОБОЗРЕВАТЕЛЬ" интернет издание', '', 0, 0, 1, '', 0),
(249, 1, 'Светов', 'Сергей', '.', '', '', '', '0000-00-00 00:00:00', '0661301633', 'доставка', '', 0, 0, 1, '', 0),
(250, 1, 'Игнатенко', 'Юрий', '.', '', '', '', '0000-00-00 00:00:00', '0677393920', '', '', 0, 0, 1, '', 0),
(251, 1, 'Эвчик', 'Юрий', '.', '', '', '', '0000-00-00 00:00:00', '0679667766', 'ул. Ярослава Галана 2а, фасад', '', 0, 0, 1, '', 0),
(252, 1, 'Иванова', 'Инна', '.', '', '', '', '0000-00-00 00:00:00', '0504542543', '', '', 0, 0, 1, '', 0),
(253, 1, 'Косенко', 'Андрiй', 'Володимирович', '', '', '', '0000-00-00 00:00:00', '0672146465', '', '', 0, 0, 1, '', 0),
(254, 1, 'Дудина', 'Елена', '.', '', '', '', '0000-00-00 00:00:00', '0689541795', 'ул. Большая Васильковская 131, кв.10', '', 0, 0, 1, '', 0),
(255, 1, 'Ананейчук', 'Алексей', '', '', '', '', '0000-00-00 00:00:00', '0503556301', '', '', 0, 0, 1, '', 0),
(256, 1, 'Ильенко', 'Инна', '', '', '', '', '0000-00-00 00:00:00', '0508483098', '', '', 0, 0, 1, '', 0),
(257, 1, 'Гусар', 'Максим', '', '', '', '', '0000-00-00 00:00:00', '0673688777', '', '', 0, 0, 1, '', 0),
(258, 1, 'Липницкий', 'Андрей', 'Алексеевич', '', '', '', '0000-00-00 00:00:00', '0672383081', '', '', 0, 0, 1, '', 0),
(259, 1, 'Попов', 'Сергей', '.', '', '', '', '0000-00-00 00:00:00', '0675508121', '', '', 0, 0, 1, '', 0),
(260, 1, 'Плавский', 'Роман', '', '', '', '', '0000-00-00 00:00:00', '0669192263', '', '', 0, 0, 1, '', 0),
(261, 1, 'Сумар', 'Олена', 'Анатолієвна', '', '', '', '0000-00-00 00:00:00', '0674517313', '', '', 0, 0, 1, '', 0),
(262, 1, 'Закиров', 'Сергей', 'Игоревич', '', '', '', '0000-00-00 00:00:00', '0672919600', 'г.Стрий, отделение 4', '', 0, 0, 1, '', 0),
(263, 1, 'Подлесная', 'Ульяна', '', '', '', '', '0000-00-00 00:00:00', '0507414253', '', '', 0, 0, 1, '', 0),
(264, 1, 'Крыжный', 'Олег', '.', '', '', '', '0000-00-00 00:00:00', '0952755908', '', '', 0, 0, 1, '', 0),
(265, 1, 'Рейтирович', 'Игорь', '', '', '', '', '0000-00-00 00:00:00', '0975130049', '', '', 0, 0, 1, '', 0),
(266, 1, 'Богачова', 'Наталя', 'Олександрівна', '', '', '', '0000-00-00 00:00:00', '0675097636', 'Лютеранська 30, оф 28', '', 0, 0, 1, '', 0),
(267, 1, 'Литвяхова', 'Алена', '.', '', '', '', '0000-00-00 00:00:00', '0934898992', 'Выбрская 104, оф. 309', '', 0, 0, 1, '', 0),
(268, 1, 'Наталуха', 'Виталий', '.', '', '', '', '0000-00-00 00:00:00', '0638885307', '', '', 0, 0, 1, '', 0),
(269, 1, 'Каменева', 'Ирина', '.', '', '', '', '0000-00-00 00:00:00', '0507589747', 'ул. Шумского 1, оф.119', '', 0, 0, 1, '', 0),
(270, 1, 'Воробей', 'Роман', '.', '', '', '', '0000-00-00 00:00:00', '0963974338', '', '', 0, 0, 1, '', 0),
(271, 1, 'Полевик', 'Анна', '.', '', '', '', '0000-00-00 00:00:00', '0936200975', 'ул. Харьковское шосе 58а', '', 0, 0, 1, '', 0),
(272, 1, 'Войтенко', 'Нина', '.', '', '', '', '0000-00-00 00:00:00', '0954068129', 'ул. Крещатик 42', '', 0, 0, 1, '', 0),
(273, 1, 'Клиент', '.', '.', '', '', '', '0000-00-00 00:00:00', '0674649933', 'ул. Ирпенская 63а', '', 0, 0, 1, '', 0),
(274, 1, 'Грабольчук', 'Александр', '.', '', '', '', '0000-00-00 00:00:00', '0686270001', 'ул. Красноткацкая 17, кв.4', '', 0, 0, 1, '', 0),
(275, 1, 'Кравченко', 'Вилен', '.', '', '', '', '0000-00-00 00:00:00', '0674134771', 'ул. Тычины 13, кв.199, п.2, 10й этаж', '', 0, 0, 1, '', 0),
(276, 1, 'Полищук', 'Илья', '.', '', '', '', '0000-00-00 00:00:00', '0973655503', '', '', 0, 0, 1, '', 0),
(277, 1, 'Бессмертная', 'Наталья', 'Евгеньевна', '', '', '', '0000-00-00 00:00:00', '0630734767', 'ул. Грушевского 28/2', '', 0, 0, 1, '', 0),
(278, 1, 'Нова', 'Оксана', 'Васильевна', '', '', '', '0000-00-00 00:00:00', '0966900472', 'ул. О.Гончара 8', '', 0, 0, 1, '', 0),
(279, 1, 'Павелко', 'Валерия', '.', '', '', '', '0000-00-00 00:00:00', '0638063904', '', '', 0, 0, 1, '', 0),
(280, 1, 'Бойко', 'Вячеслав', '.', '', '', '', '0000-00-00 00:00:00', '0994401709', '', '', 0, 0, 1, '', 0),
(281, 1, 'Рожкова', 'Татьяна', 'Станиславовна', '', '', '', '0000-00-00 00:00:00', '0680303232', 'ул. Днепровская-Набережная 17', '', 0, 0, 1, '', 0),
(282, 1, 'Костюченко', 'Алексей', '.', '', '', '', '0000-00-00 00:00:00', '0997099964', '', '', 0, 0, 1, '', 0),
(283, 1, 'Кошелева', 'Екатерина', 'Романовна', '', '', '', '0000-00-00 00:00:00', '0931831885', 'ул. Закревского 13, кв.131, п2, 3й этаж', '', 0, 0, 1, '', 0),
(284, 1, 'Медведев', 'Алексей', '.', '', '', '', '0000-00-00 00:00:00', '0972276222', 'ул. Сортировочная 2', '', 0, 0, 1, '', 0),
(285, 1, 'Пустовит', 'Ольга', 'Николаевна', '', '', '', '0000-00-00 00:00:00', '0973089292', 'ул. Героев-Севастополя 30, Институт Шалимова', '', 0, 0, 1, '', 0),
(286, 1, 'Кожуховская', 'Анна', 'Петровна', '', '', '', '0000-00-00 00:00:00', '0974597439', '', '', 0, 0, 1, '', 0),
(287, 1, 'Глыбовец', 'Андрей', 'Николаевич', '', '', '', '0000-00-00 00:00:00', '0674094355', 'ул. О Бальзака 6/290', '', 0, 0, 1, '', 0),
(288, 1, 'Шарова', 'Наталия', '.', '', '', '', '0000-00-00 00:00:00', '0675078431', 'село Счастливое, ул. Рассветная 14', '', 0, 0, 1, '', 0),
(289, 1, 'Степишин', 'Виктор', '', '', '', '', '0000-00-00 00:00:00', '067 235 35 33', 'Кибальчича 11 оф 23', '', 0, 0, 1, '', 0),
(290, 1, 'Крик', 'Слава', '', '', '', '', '0000-00-00 00:00:00', '0674400112', '', '', 0, 0, 1, '', 0),
(291, 1, 'Середюк', 'Игор', '', '', '', '', '0000-00-00 00:00:00', '0505952508', '', '', 0, 0, 1, '', 0),
(292, 1, 'Майборода', 'Сергей', '.', '', '', '', '0000-00-00 00:00:00', '0933386938', 'ул. Вербовая 9б, СТО Ленд Ровер', '', 0, 0, 1, '', 0),
(293, 1, 'Клиент', 'Жена', '.', '', '', '', '0000-00-00 00:00:00', '0976082666', 'сосед', '', 0, 0, 1, '', 0),
(294, 1, 'Заплатин', 'Руслан', '.', '', '', '', '0000-00-00 00:00:00', '0505365936', 'ул. Мишуги 8, кв.107', '', 0, 0, 1, '', 0),
(295, 1, 'Кирей', 'Евгений', '.', '', '', '', '0000-00-00 00:00:00', '0980983961', '', '', 0, 0, 1, '', 0),
(296, 1, 'Хоменко', 'Тамара', 'Алексеевна', '', '', '', '0000-00-00 00:00:00', '0674050142', 'ул. Патриса - Лумумбы 6/1, кв.41', '', 0, 0, 1, '', 0),
(297, 1, 'Мазур', 'Геннадий', '', '', '', '', '0000-00-00 00:00:00', '0931084763', '', '', 0, 0, 1, '', 0),
(298, 1, 'Клиент', 'Екатерина', 'Сергеевна', '', '', '', '0000-00-00 00:00:00', '0955887841', 'ул. Голосеевский проспект, 60, кв. 470, 5я секция', '', 0, 0, 1, '', 0),
(299, 0, 'Ковальчук', 'Андрей', '.', '', '', '', '0000-00-00 00:00:00', '0973764789', '', '', 0, 0, 1, '', 0),
(300, 0, 'Ковальчук', 'Андрей', '.', '', '', '', '0000-00-00 00:00:00', '0973764789', '', '', 0, 0, 1, '', 0),
(301, 1, 'Ковальчук', 'Андрей', '.', '', '', '', '0000-00-00 00:00:00', '0973764789', '', '', 0, 0, 1, '', 0),
(302, 1, 'Лисянский', 'Александр', '.', '', '', '', '0000-00-00 00:00:00', '0962266670', 'ул. Немецкая 1/32', '', 0, 0, 1, '', 0),
(303, 1, 'Рубаник', 'Роман', '', '', '', '', '0000-00-00 00:00:00', '0987339248', '', '', 0, 0, 1, '', 0),
(304, 1, 'Черняк', 'Евгения', '.', '', '', '', '0000-00-00 00:00:00', '0674137183', 'ул. М. Расковой 2а, офис 404, ТОВ НОКИАН-ШИНА, БЦ Левобережный', '', 0, 0, 1, '', 0),
(305, 1, 'Кравчук', 'Иван', 'Петрович', '', '', '', '0000-00-00 00:00:00', '0965533418', 'ул. Артема 50, блог 6Б, 6й этаж.', '', 0, 0, 1, '', 0),
(306, 1, 'Благодыр', 'Олег', '.', '', '', '', '0000-00-00 00:00:00', '0503518811', 'ул. Ревуцкого 5, кв. 368', '', 0, 0, 1, '', 0),
(307, 1, 'Антропов', 'Сергей', 'Анатольевич', '', '', '', '0000-00-00 00:00:00', '0506576741', '', '', 0, 0, 1, '', 0),
(308, 1, 'Обухова', 'Наталья', 'Анатольевна', '', '', '', '0000-00-00 00:00:00', '0672307112', 'ул. Никольско-Слободская 2б', '', 0, 0, 1, '', 0),
(309, 1, 'Гребнев', 'Олег', '.', '', '', '', '0000-00-00 00:00:00', '0674048813', '', '', 0, 0, 1, '', 0),
(310, 1, 'Гуняк', 'Александр', '.', '', '', '', '0000-00-00 00:00:00', '0676561489', 'ЖК Львовский, Петропавловская Борщаговка, ул. Львовская 7, кв.11', '', 0, 0, 1, '', 0),
(311, 1, 'Танцюра', 'Наталья', '.', '', '', '', '0000-00-00 00:00:00', '0933362372', 'ул. Туполева 12м', '', 0, 0, 1, '', 0),
(312, 1, 'Брик', 'Сергей', '.', '', '', '', '0000-00-00 00:00:00', '0974140636', 'ул. Василенко 7\nОтрадний 95д', '', 0, 0, 1, '', 0),
(313, 1, 'Приходько', 'Леонид', 'Михайлович', '', '', '', '0000-00-00 00:00:00', '0504424179', '', '', 0, 0, 1, '', 0),
(314, 1, 'Гунзер', 'Юлия', '.', '', '', '', '0000-00-00 00:00:00', '0937746009', 'ул. Пирогова 2, оф.56, 1п, 5эт.', '', 0, 0, 1, '', 0),
(315, 1, 'Лукицкая', 'Ирина', '.', '', '', '', '0000-00-00 00:00:00', '0672381455', 'ул. Шелковичная 20, кв.1', '', 0, 0, 1, '', 0),
(316, 1, 'Стешенко', 'Ольга', '.', '', '', '', '0000-00-00 00:00:00', '0992392986', 'ул. Ванды Василевской 13, корпус 1, офис 7, фирма ИнфорСервис', '', 0, 0, 1, '', 0),
(317, 1, 'Гальченко', 'Денис', '.', '', '', '', '0000-00-00 00:00:00', '0987664040', 'ул. Елены Пчелки 3а, кв.12, п1. 3эт.', '', 0, 0, 1, '', 0),
(318, 1, 'Панченко', 'Юрий', '.', '', '', '', '0000-00-00 00:00:00', '0636507899', '', '', 0, 0, 1, '', 0),
(319, 1, 'Коробко', 'Виктор', '.', '', '', '', '0000-00-00 00:00:00', '0674213854', '', '', 0, 0, 1, '', 0),
(320, 1, 'Тимченко', 'Андрiй', 'Олександрович', '', '', '', '0000-00-00 00:00:00', '0936460110', '', '', 0, 0, 1, '', 0),
(321, 0, 'высотский', 'валерий', '', '', '', '', '0000-00-00 00:00:00', '0675002905', '', '', 0, 0, 1, '', 0),
(322, 0, 'Высотский', 'Валерий', '', '', '', '', '0000-00-00 00:00:00', '0675002905', '', '', 0, 0, 1, '', 0),
(323, 0, 'Высотский', 'Валерий', '', '', '', '', '0000-00-00 00:00:00', '0675002905', '', '', 0, 0, 1, '', 0),
(324, 0, 'Высотский', 'Валерий', '', '', '', '', '0000-00-00 00:00:00', '0675002905', '', '', 0, 0, 1, '', 0),
(325, 0, 'Высотский', 'Валерий', '', '', '', '', '0000-00-00 00:00:00', '0675002905', '', '', 0, 0, 1, '', 0),
(326, 0, 'Высотский', 'Валерий', '', '', '', '', '0000-00-00 00:00:00', '0675002905', '', '', 0, 0, 1, '', 0),
(327, 0, 'Высотский', 'Валерий', '', '', '', '', '0000-00-00 00:00:00', '0675002905', '', '', 0, 0, 1, '', 0),
(328, 0, 'Высотский', 'Валерий', '', '', '', '', '0000-00-00 00:00:00', '0675002905', '', '', 0, 0, 1, '', 0),
(329, 0, 'Высотский', 'Валерий', '', '', '', '', '0000-00-00 00:00:00', '0675002905', '', '', 0, 0, 1, '', 0),
(330, 0, 'Высотский', 'Валерий', '', '', '', '', '0000-00-00 00:00:00', '0675002905', '', '', 0, 0, 1, '', 0),
(331, 1, 'Высотский', 'Валерий', '', '', '', '', '0000-00-00 00:00:00', '0675002905', '', '', 0, 0, 1, '', 0),
(332, 1, 'Ковбасюк', 'Алексей', '', '', '', '', '0000-00-00 00:00:00', '0674655591', '', '', 0, 0, 1, '', 0),
(333, 1, 'Мелащенко', 'Марія', 'Миколаївна', '', '', '', '0000-00-00 00:00:00', '0660062238', 'Осіння 33, кв.60, 1п', '', 0, 0, 1, '', 0),
(334, 1, 'Клод', 'Имбраяр', '.', '', '', '', '0000-00-00 00:00:00', '0633569278', 'ул. Воздвиженская 22', '', 0, 0, 1, '', 0),
(335, 1, 'Долинченко', 'Татьяна', '.', '', '', '', '0000-00-00 00:00:00', '0674056766', 'Вулиця Кільцева, 28, с. Крюківщина', '', 0, 0, 1, '', 0),
(336, 1, 'Урупа', 'Евгений', 'Леонидович', '', '', '', '0000-00-00 00:00:00', '0677658814', 'переулок Новопечерский 3, корпус 2', '', 0, 0, 1, '', 0),
(337, 1, 'Королев', 'Валерий', '.', '', '', '', '0000-00-00 00:00:00', '0982030000', 'ул. Василя Степанченка 4', '', 0, 0, 1, '', 0),
(338, 1, 'Баранова', 'Ирина', '.', '', '', '', '0000-00-00 00:00:00', '0634803333', 'ул. Академика Вильямса, 9, частный дом', '', 0, 0, 1, '', 0),
(339, 1, 'Шмелева', 'Нина', '.', '', '', '', '0000-00-00 00:00:00', '0932467544', 'ул. Василия Жуковского 8', '', 0, 0, 1, '', 0),
(340, 1, 'Шмелева', 'Нина', '.', '', '', '', '0000-00-00 00:00:00', '0932467544', 'ул. Большая Житомирская 20, 4е парадное', '', 0, 0, 1, '', 0),
(341, 1, 'Троцюк', 'Андрей', 'Валерьевич', '', '', '', '0000-00-00 00:00:00', '0506353417', 'пр. Московский 23', '', 0, 0, 1, '', 0),
(342, 1, 'Пересада', 'Петр', '.', '', '', '', '0000-00-00 00:00:00', '0674441714', '', '', 0, 0, 1, '', 0),
(343, 1, 'Махиня', 'Влад', '.', '', '', '', '0000-00-00 00:00:00', '0674001670', '', '', 0, 0, 1, '', 0),
(344, 1, 'Субин', 'Анатолий', '', '', '', '', '0000-00-00 00:00:00', '0504403788', '', '', 0, 0, 1, '', 0),
(345, 1, 'Марченко', 'Евгений', '.', '', '', '', '0000-00-00 00:00:00', '0673156636', '', '', 0, 0, 1, '', 0),
(346, 1, 'Гриб', 'Ирина', '.', '', '', '', '0000-00-00 00:00:00', '0984619991', 'ул. Артёма 37/41, стоматология', '', 0, 0, 1, '', 0),
(347, 1, 'Фомичёв', 'Вячеслав', '.', '', '', '', '0000-00-00 00:00:00', '0672365261', 'ул. Богатырская 2а, Белогородка, склад строй-материалов', '', 0, 0, 1, '', 0),
(348, 1, 'Вишневский', 'Владимир', '.', '', '', '', '0000-00-00 00:00:00', '0672384560', '', '', 0, 0, 1, '', 0),
(349, 1, 'Жуковская', 'Татьяна', '.', '', '', '', '0000-00-00 00:00:00', '0679852003', '', '', 0, 0, 1, '', 0),
(350, 1, 'Малицкий', 'Иван', '.', '', '', '', '0000-00-00 00:00:00', '0678290047', 'Ул. Вишневая 11, село Софиевская борщаговка', '', 0, 0, 1, '', 0),
(351, 1, 'Блощинский', 'Денис', '.', '', '', '', '0000-00-00 00:00:00', '0674018449', '', '', 0, 0, 1, '', 0),
(352, 1, 'Клиент', 'Елена', '.', '', '', '', '0000-00-00 00:00:00', '0689402242', 'Майкопська вулиця, 1а, кв.6', '', 0, 0, 1, '', 0),
(353, 1, 'Войко', 'Ирина', '.', '', '', '', '0000-00-00 00:00:00', '0504625424', 'пр. Голосеевский 50, 12 этаж', '', 0, 0, 1, '', 0),
(354, 1, 'Орел', 'Федор', 'Иванович', '', '', '', '0000-00-00 00:00:00', '0509333331', 'ул. Богатырская 30а, 11я линия', '', 0, 0, 1, '', 0),
(355, 1, 'Каспирович', 'Юлия', '.', '', '', '', '0000-00-00 00:00:00', '0953342339', 'ул. Олеся Гончара, 33в', '', 0, 0, 1, '', 0),
(356, 1, 'Иванов', 'Сергей', '.', '', '', '', '0000-00-00 00:00:00', '0939899001', 'ул. Козацкая 116, 3й этаж, оф.302', '', 0, 0, 1, '', 0),
(357, 1, 'Альчевский', 'Остап', '.', '', '', '', '0000-00-00 00:00:00', '0672173078', 'ул. Почайнинская 38/44', '', 0, 0, 1, '', 0),
(358, 1, 'Марчук', 'Николай', '.', '', '', '', '0000-00-00 00:00:00', '0678804602', '', '', 0, 0, 1, '', 0),
(359, 1, 'Никитин', 'Александр', '.', '', '', '', '0000-00-00 00:00:00', '0672982545', '', '', 0, 0, 1, '', 0),
(360, 1, 'Кушнирская', 'Юлия', '.', '', '', '', '0000-00-00 00:00:00', '0689344929', 'ул. Драгоманова 6а, кв.105, 22й этаж, 1п', '', 0, 0, 1, '', 0),
(361, 1, 'Сергиенко', 'Олег', '.', '', '', '', '0000-00-00 00:00:00', '0503847618', 'ул. Майорова 10, кафе', '', 0, 0, 1, '', 0),
(362, 1, 'Роговенко', 'Юрий', '.', '', '', '', '0000-00-00 00:00:00', '0662922212', '', '', 0, 0, 1, '', 0),
(363, 1, 'Лесик', 'Алеся', '.', '', '', '', '0000-00-00 00:00:00', '0639923715', 'ул. Дегтяревская 62.', '', 0, 0, 1, '', 0),
(364, 1, 'Кабенко', 'Павел', '.', '', '', '', '0000-00-00 00:00:00', '0952713435', 'ул. Кудряшова 7', '', 0, 0, 1, '', 0),
(365, 1, 'Бондаренко', 'Татьяна', '', '', '', '', '0000-00-00 00:00:00', '0503300324', '', '', 0, 0, 1, '', 0),
(366, 1, 'Клиент', 'Людмила', '.', '', '', '', '0000-00-00 00:00:00', '0503338723', 'ул. Сикорского 8, корпус Б', '', 0, 0, 1, '', 0),
(367, 1, 'Ефимова', 'Светлана', '.', '', '', '', '0000-00-00 00:00:00', '0507000600', 'ул. Декабристов 9, кв.41, п2, эт2', '', 0, 0, 1, '', 0),
(368, 1, 'Быкова', 'Катерина', '.', '', '', '', '0000-00-00 00:00:00', '0675022933', 'вулиця В\\''ячеслава Липинського, 8, оф.14', '', 0, 0, 1, '', 0),
(369, 1, 'Наш', 'Вова', '.', '', '', '', '0000-00-00 00:00:00', '0937100059', '', '', 0, 0, 1, '', 0),
(370, 1, 'Крылов', 'Андрей', '.', '', '', '', '0000-00-00 00:00:00', '0664884892', '', '', 0, 0, 1, '', 0),
(371, 1, 'Клиент', 'Марина', '.', '', '', '', '0000-00-00 00:00:00', '0971262305', 'ул. Б.Васильковская 23б, 4 эт., оф.509', '', 0, 0, 1, '', 0),
(372, 1, 'Петрусь', 'Ирина', '.', '', '', '', '0000-00-00 00:00:00', '0663552735', 'ул. Кирилловская 31Б, 2п, 2этаж, оф.9', '', 0, 0, 1, '', 0),
(373, 1, 'Кайс', 'Зося', '.', '', '', '', '0000-00-00 00:00:00', '0977888946', '', '', 0, 0, 1, '', 0),
(374, 1, 'Глебов', 'Олег', '.', '', '', '', '0000-00-00 00:00:00', '0501345506', '', '', 0, 0, 1, '', 0),
(375, 1, 'Киселева', 'Лариса', '.', '', '', '', '0000-00-00 00:00:00', '0509661762', '', '', 0, 0, 1, '', 0),
(376, 1, 'Дамиева', 'Вероника', '.', '', '', '', '0000-00-00 00:00:00', '0674434595', 'ул. Драгомирова 3, кв.54, 1п, 11эт', '', 0, 0, 1, '', 0),
(377, 1, 'Бондарь', 'Татьяна', '.', '', '', '', '0000-00-00 00:00:00', '0956470131', 'ул. Дегтяревская 27, СТО, 2этаж, офис', '', 0, 0, 1, '', 0),
(378, 1, 'Корконос', 'Ирина', '.', '', '', '', '0000-00-00 00:00:00', '0939312889', '', '', 0, 0, 1, '', 0),
(379, 1, 'Жураковский', 'Вадим', 'Васильевич', '', '', '', '0000-00-00 00:00:00', '0673244004', 'ул. Госпитальная 4, Гостиница Русь', '', 0, 0, 1, '', 0),
(380, 1, 'Ставийчук', 'Наталья', '', '', '', '', '0000-00-00 00:00:00', '0973501680', '', '', 0, 0, 1, '', 0),
(381, 1, 'Кимлык', 'Наталья', '', '', '', '', '0000-00-00 00:00:00', '0669391605', 'Фирма Мегаполис', '', 0, 0, 1, '', 0),
(382, 1, 'Добышев', 'Владимир', '', '', '', '', '0000-00-00 00:00:00', '0676938367', '', '', 0, 0, 1, '', 0),
(383, 1, 'Мамонт', 'Анна', '.', '', '', '', '0000-00-00 00:00:00', '0636503514', 'ул.Круглоуниверситетская 3/5 оф. 31, 11 этаж', '', 0, 0, 1, '', 0),
(384, 1, 'Заец', 'Валерий', '.', '', '', '', '0000-00-00 00:00:00', '0979158072', '', '', 0, 0, 1, '', 0),
(385, 1, 'Горелик', 'Виктория', '.', '', '', '', '0000-00-00 00:00:00', '0938664458', 'вулиця Болсуновська, 8', '', 0, 0, 1, '', 0),
(386, 1, 'Задорожный', 'Игорь', '.', '', '', '', '0000-00-00 00:00:00', '0675382957', 'ул. Драгоманова 23', '', 0, 0, 1, '', 0),
(387, 1, 'Чорний', 'Павло', 'Йосипович', '', '', '', '0000-00-00 00:00:00', '0972206638', '', '', 0, 0, 1, '', 0),
(388, 1, 'Труфанова', 'Марія', 'Вячеславівна', '', '', '', '0000-00-00 00:00:00', '0686870278', 'Боженка 86 П, оф 416', '', 0, 0, 1, '', 0),
(389, 1, 'Блинков', 'Александр', '', '', '', '', '0000-00-00 00:00:00', '0507254420', '', '', 0, 0, 1, '', 0),
(390, 1, 'Блощинский', 'Денис', '**', '', '', '', '0000-00-00 00:00:00', '0674018449', '', '', 0, 0, 1, '', 0),
(391, 1, 'Лавринчук', 'Мария', '', '', '', '', '0000-00-00 00:00:00', '0992768681', '', '', 0, 0, 1, '', 0),
(392, 1, 'Букотюк', 'Ульяна', '', '', '', '', '0000-00-00 00:00:00', '0979871967', '', '', 0, 0, 1, '', 0),
(393, 1, 'Посохова', 'Ирина', 'Викторовна', '', '', '', '0000-00-00 00:00:00', '0505450214', '', '', 0, 0, 1, '', 0),
(394, 1, 'Большунов', 'Владимир', '', '', '', '', '0000-00-00 00:00:00', '0504304175', '', '', 0, 0, 1, '', 0),
(395, 1, 'Рыжков', 'Владимир', '.', '', '', '', '0000-00-00 00:00:00', '0959034456', 'г. Славутич, Киевская обл, новая почта №1', '', 0, 0, 1, '', 0),
(396, 1, 'Резник', 'Егор', 'Викторович', '', '', '', '0000-00-00 00:00:00', '0503487250', 'ул. Ольгинская 6', '', 0, 0, 1, '', 0),
(397, 1, 'Клиент', 'Соседка', '.', '', '', '', '0000-00-00 00:00:00', '0674011472', 'ул. Якира 8, кв.75', '', 0, 0, 1, '', 0),
(398, 1, 'Слатвинский', 'Сергей', '.', '', '', '', '0000-00-00 00:00:00', '0982164702', '', '', 0, 0, 1, '', 0),
(399, 1, 'Будков', 'Олег', '.', '', '', '', '0000-00-00 00:00:00', '0672398877', 'ул. Шевченко 196а, заправка Олви, жулянский мост', '', 0, 0, 1, '', 0);
INSERT INTO `users` (`user_id`, `id_sc`, `fam`, `imya`, `otch`, `login`, `password`, `mail`, `send_mail`, `phone`, `adres`, `zavod`, `gorod_id`, `id_group`, `id_portret`, `user_hash`, `active`) VALUES
(400, 1, 'Король', 'Александр', '.', '', '', '', '0000-00-00 00:00:00', '0675500524', 'ул. Большая Васильковска 15/2, укравто', '', 0, 0, 1, '', 0),
(401, 1, 'Клиент', 'Лидия', '.', '', '', '', '0000-00-00 00:00:00', '0956355168', 'ул. Маяковского 71, кв.128, 12этаж, 2парадное', '', 0, 0, 1, '', 0),
(402, 1, 'Савенко', 'Анатолий', 'Александрович', '', '', '', '0000-00-00 00:00:00', '0964279151', '', '', 0, 0, 1, '', 0),
(403, 1, 'Чуб', 'Виталий', '.', '', '', '', '0000-00-00 00:00:00', '0504444918', '', '', 0, 0, 1, '', 0),
(404, 1, 'Аникеев', 'Игорь', '.', '', '', '', '0000-00-00 00:00:00', '0504741974', 'ул. Госпитальная 12, отель &quot;Президент&quot;', '', 0, 0, 1, '', 0),
(405, 1, 'Ивахненко', 'Андрей', '.', '', '', '', '0000-00-00 00:00:00', '0666352181', '', '', 0, 0, 1, '', 0),
(406, 1, 'Репиленко', 'Сергей', '.', '', '', '', '0000-00-00 00:00:00', '0672097827', '', '', 0, 0, 1, '', 0),
(407, 1, 'Иванов', 'Сергей', '.', '', '', '', '0000-00-00 00:00:00', '0504621721', '', '', 0, 0, 1, '', 0),
(408, 1, 'Матвиец', 'Тамара', '.', '', '', '', '0000-00-00 00:00:00', '0672468108', 'ул. Щекавицкая 30/39 , кв.87, 5эт, 5п.', '', 0, 0, 1, '', 0),
(409, 1, 'Федоренко', 'Дмитрий', '.', '', '', '', '0000-00-00 00:00:00', '0966765555', 'ул. Олеговская 36, оф. 301', '', 0, 0, 1, '', 0),
(410, 1, 'Мисюра', 'Геннадий', '.', '', '', '', '0000-00-00 00:00:00', '0672253534', '', '', 0, 0, 1, '', 0),
(411, 1, 'Гуринова', 'Виктория', '.', '', '', '', '0000-00-00 00:00:00', '0960547531', 'ул. Тургеневская 77, оф.4, фирма Юрфак', '', 0, 0, 1, '', 0),
(412, 1, 'Шиндра', 'Евгений', '', '', '', '', '0000-00-00 00:00:00', '0508228882', 'пер. Редутный 14', '', 0, 0, 1, '', 0),
(413, 1, 'Марченков', 'Дмитрий', '.', '', '', '', '0000-00-00 00:00:00', '0503555597', '', '', 0, 0, 1, '', 0),
(414, 1, 'Гаркуша', 'Лариса', '.', '', '', '', '0000-00-00 00:00:00', '0673258090', 'ул. Анны Ахматовой 46, Канди Гувер Украина', '', 0, 0, 1, '', 0),
(415, 1, 'Задвирна', 'Виктория', '.', '', '', '', '0000-00-00 00:00:00', '0678268770', 'ул. жилянская 30а, 2эт, 1п.', '', 0, 0, 1, '', 0),
(416, 1, 'Ивлева', 'Ксения', '.', '', '', '', '0000-00-00 00:00:00', '0505790099', 'ул. Прорезная 25, High Five: Салон красоты', '', 0, 0, 1, '', 0),
(417, 1, 'Адамович', 'Юрий', '', '', '', '', '0000-00-00 00:00:00', '0687100933', 'Княжий затон 16б кв 6', '', 0, 0, 1, '', 0),
(418, 1, 'Стадник', 'Ярослав', '', '', '', '', '0000-00-00 00:00:00', '0972205017', 'с-борщаговка майска 3а', '', 0, 0, 1, '', 0),
(419, 1, 'Яровая', 'Яна', '', '', '', '', '0000-00-00 00:00:00', '0505027416', 'Героев Сталенграду 18а кв 22', '', 0, 0, 1, '', 0),
(420, 1, 'Соболева', 'Юлия', '.', '', '', '', '0000-00-00 00:00:00', '0937229162', '', '', 0, 0, 1, '', 0),
(421, 1, 'Кравец', 'Леся', '.', '', '', '', '0000-00-00 00:00:00', '0675500106', '', '', 0, 0, 1, '', 0),
(422, 1, 'Грачев', 'Александр', '.', '', '', '', '0000-00-00 00:00:00', '0987537733', '', '', 0, 0, 1, '', 0),
(423, 1, 'Ребчуновская', 'Юлия', '', '', '', '', '0000-00-00 00:00:00', '0504482797', '', '', 0, 0, 1, '', 0),
(424, 1, 'Куликовская', 'Ирина', '.', '', '', '', '0000-00-00 00:00:00', '0679004984', '', '', 0, 0, 1, '', 0),
(425, 1, 'Тонкоштанов', 'Александр', '', '', '', '', '0000-00-00 00:00:00', '0675030173', '', '', 0, 0, 1, '', 0),
(426, 1, 'Береговой', 'Дмитрий', '.', '', '', '', '0000-00-00 00:00:00', '0684138988', 'Уборевича 3', '', 0, 0, 1, '', 0),
(427, 1, 'Слатина', 'Ирина', 'Николаевна', '', '', '', '0000-00-00 00:00:00', '0678802020', '', '', 0, 0, 1, '', 0),
(428, 1, 'Савченко', 'Валерий', 'Иванович', '', '', '', '0000-00-00 00:00:00', '0673288082', 'г.Бровары, ул. Кутузова 129а, ПП АНРІ - МАРКЕТ, Магазин сантехники', '', 0, 0, 1, '', 0),
(429, 1, 'Гуменюк', 'Вадим', '.', '', '', '', '0000-00-00 00:00:00', '0506623447', '', '', 0, 0, 1, '', 0),
(430, 1, 'Бевз', 'Ярослав', 'Константинович', '', '', '', '0000-00-00 00:00:00', '0631902635', 'ул. Вербовая 8б', '', 0, 0, 1, '', 0),
(431, 1, 'Матковский', 'Евген', '.', '', '', '', '0000-00-00 00:00:00', '0683584672', '', '', 0, 0, 1, '', 0),
(432, 1, 'Завирюха', 'Марина', '.', '', '', '', '0000-00-00 00:00:00', '0660567666', '', '', 0, 0, 1, '', 0),
(433, 1, 'Перьков', 'Александр', '.', '', '', '', '0000-00-00 00:00:00', '0505802424', '', '', 0, 0, 1, '', 0),
(434, 1, 'Логащук', 'Андрей', '.', '', '', '', '0000-00-00 00:00:00', '0932247819', '', '', 0, 0, 1, '', 0),
(435, 1, 'Коломиец', 'Артур', '.', '', '', '', '0000-00-00 00:00:00', '0674450488', '', '', 0, 0, 1, '', 0),
(436, 1, 'Кобывник', 'Катерина', '.', '', '', '', '0000-00-00 00:00:00', '0674637170', 'ул. Златоустовская 23а, 2эт. фирма Клочков и партнеры', '', 0, 0, 1, '', 0),
(437, 1, 'Кинверская', 'Оксана', '.', '', '', '', '0000-00-00 00:00:00', '0999657108', 'Институт, Клиническая 25', '', 0, 0, 1, '', 0),
(438, 1, 'Джибути', 'Анастасия', '.', '', '', '', '0000-00-00 00:00:00', '0677144417', 'ул. Мичурина, 42а', '', 0, 0, 1, '', 0),
(439, 1, 'Бурдюже', 'Александр', 'Сергеевич', '', '', '', '0000-00-00 00:00:00', '0996161954', '', '', 0, 0, 1, '', 0),
(440, 1, 'Сербиян', 'Елена', 'Эдуардовна', '', '', '', '0000-00-00 00:00:00', '0506473316', 'ул. Г.Сковороды 6, кв.41', '', 0, 0, 1, '', 0),
(441, 1, 'Паскур', 'Анастасия', '.', '', '', '', '0000-00-00 00:00:00', '0734178089', 'Гайдара, 58/10, 1эт. Юридическая фирма Правовест', '', 0, 0, 1, '', 0),
(442, 1, 'Назарова', 'София', '.', '', '', '', '0000-00-00 00:00:00', '0994016303', 'ул. Кловский спуск, 7а, кв.18', '', 0, 0, 1, '', 0),
(443, 1, 'Костюк', 'Олег', '', '', '', '', '0000-00-00 00:00:00', '0674080798', 'ул. Довженко 3.', '', 0, 0, 1, '', 0),
(444, 1, 'Рыжук', 'Анна', '.', '', '', '', '0000-00-00 00:00:00', '0934252046', '', '', 0, 0, 1, '', 0),
(445, 1, 'Бучинский', 'Олег', '.', '', '', '', '0000-00-00 00:00:00', '0672097221', 'ул. Кудрявская 13-19, кв.34', '', 0, 0, 1, '', 0),
(446, 1, 'Павленко', 'Яна', 'Николаевна', '', '', '', '0000-00-00 00:00:00', '0667291350', 'ул. Гарматная 6, Оплата будет по безналу ТОВ &quot;ФОНДОВА КОМПАНІЯ &quot;ФАВОРИТ&quot;&quot;', '', 0, 0, 1, '', 0),
(447, 1, 'Петрюк', 'Анжела', '.', '', '', '', '0000-00-00 00:00:00', '0501441585', 'пр. Героев-Сталинграда 4, корус 6а, Страховая компания &quot;УКРФИНСТРАХ&quot;', '', 0, 0, 1, '', 0),
(448, 1, 'Антоненко', 'Андрей', 'Витальевич', '', '', '', '0000-00-00 00:00:00', '0963349433', '', '', 0, 0, 1, '', 0),
(449, 1, 'Чалюк', 'Анатолий', '.', '', '', '', '0000-00-00 00:00:00', '0674483757', 'ул. Щорса 32г, кв.235, 21эт', '', 0, 0, 1, '', 0),
(450, 1, 'Коняхин', 'Александр', '.', '', '', '', '0000-00-00 00:00:00', '0677190562', 'пр. Маяковского 5, кв.257, 5эт, 6п', '', 0, 0, 1, '', 0),
(451, 1, 'Панькович', 'Виталий', '.', '', '', '', '0000-00-00 00:00:00', '0675362839', '', '', 0, 0, 1, '', 0),
(452, 1, 'Романенко', 'Татьяна', '.', '', '', '', '0000-00-00 00:00:00', '0503881152', 'ул. Княжий Затон 21, оф.14, 1п, 3эт', '', 0, 0, 1, '', 0),
(453, 1, 'Береговой', 'Дмитрий', '.', '', '', '', '0000-00-00 00:00:00', '0684138988', 'м.Академгородок, киоск Пепси', '', 0, 0, 1, '', 0),
(454, 1, 'Добробог', 'Владимир', 'Петрович', '', '', '', '0000-00-00 00:00:00', '0674738380', '', '', 0, 0, 1, '', 0),
(455, 1, 'Вдовиек', 'Петр', '', '', '', '', '0000-00-00 00:00:00', '0631171620', '', '', 0, 0, 1, '', 0),
(456, 1, 'Вождаенка', 'Наталя', '', '', '', '', '0000-00-00 00:00:00', '0679902715', '', '', 0, 0, 1, '', 0),
(457, 1, 'Бочковский', 'Роман', '', '', '', '', '0000-00-00 00:00:00', '0938209754', '', '', 0, 0, 1, '', 0),
(458, 1, 'Бондарчук', 'Павло', '', '', '', '', '0000-00-00 00:00:00', '0930732478', 'Радищева 3а', '', 0, 0, 1, '', 0),
(459, 1, 'Оровецкий', 'Юрий', '.', '', '', '', '0000-00-00 00:00:00', '0999245404', '', '', 0, 0, 1, '', 0),
(460, 1, 'Ромазонов', 'Элдар', '.', '', '', '', '0000-00-00 00:00:00', '0972247713', '', '', 0, 0, 1, '', 0),
(461, 1, 'Кривопеченко', 'Татьяна', '.', '', '', '', '0000-00-00 00:00:00', '0954962678', 'ул. Глубочицка 101, СТО Маслёнка', '', 0, 0, 1, '', 0),
(462, 1, 'Тронь', 'Виктория', '.', '', '', '', '0000-00-00 00:00:00', '0672818374', 'ул. Волошская 51/27', '', 0, 0, 1, '', 0),
(463, 1, 'Костюк', 'Павел', '', '', '', '', '0000-00-00 00:00:00', '0689648214', '', '', 0, 0, 1, '', 0),
(464, 1, 'Бешко', 'Филипп', '.', '', '', '', '0000-00-00 00:00:00', '0982800801', 'ул. Верховинная 9', '', 0, 0, 1, '', 0),
(465, 1, 'Хавкин', 'Сергей', 'Иванович', '', '', '', '0000-00-00 00:00:00', '0674491195', '', '', 0, 0, 1, '', 0),
(466, 1, 'Береговой', 'Дмитрий', '.', '', '', '', '0000-00-00 00:00:00', '0684138988', 'ул. Арсенальная 1, магазин с продуктами', '', 0, 0, 1, '', 0),
(467, 1, 'Гвоздецкая', 'Анастасия', '.', '', '', '', '0000-00-00 00:00:00', '0631219941', 'ул. Волошская 2', '', 0, 0, 1, '', 0),
(468, 1, 'Гвоздецкая', 'Анастасия', '.', '', '', '', '0000-00-00 00:00:00', '0631219941', 'ул. Волошская 2', '', 0, 0, 1, '', 0),
(469, 1, 'Барасюк', 'Владимир', '.', '', '', '', '0000-00-00 00:00:00', '0634067361', '', '', 0, 0, 1, '', 0),
(470, 1, 'Царук', 'Андрей', 'Васильевич', '', '', '', '0000-00-00 00:00:00', '0932354544', 'г. Бровары, отделение 5', '', 0, 0, 1, '', 0),
(471, 1, 'Шапран', 'Сергей', 'Иванович', '', '', '', '0000-00-00 00:00:00', '0504693198', 'ул. Героев Сталинграда 10а, корпус 4, кв.37', '', 0, 0, 1, '', 0),
(472, 1, 'Зименков', 'Олег', 'Николаевич', '', '', '', '0000-00-00 00:00:00', '0661075807', '', '', 0, 0, 1, '', 0),
(473, 1, 'Задорожний', 'Александр', '', '', '', '', '0000-00-00 00:00:00', '0968480137', '', '', 0, 0, 1, '', 0),
(474, 1, 'Ростунов', 'Дмитрий', '', '', '', '', '0000-00-00 00:00:00', '0939424343', '', '', 0, 0, 1, '', 0),
(475, 1, 'Береговой', 'Дмитрий', '.', '', '', '', '0000-00-00 00:00:00', '0932043344', 'ул. Арсенальная 1, магазин продукты.', '', 0, 0, 1, '', 0),
(476, 1, 'Гарбуз', 'Юрий', '', '', '', '', '0000-00-00 00:00:00', '0505988815', '', '', 0, 0, 1, '', 0),
(477, 1, 'Бугай', 'Артем', 'Володимирови', '', '', '', '0000-00-00 00:00:00', '0672402850', '', '', 0, 0, 1, '', 0),
(478, 1, 'Клиент', 'Елена', '.', '', '', '', '0000-00-00 00:00:00', '0630545545', '', '', 0, 0, 1, '', 0),
(479, 1, 'Береговой', 'Дмитрий', '.', '', '', '', '0000-00-00 00:00:00', '0684138988', 'ул. Феодоры Пушиной 8, м. Академгородок, киоск', '', 0, 0, 1, '', 0),
(480, 1, 'Полонець', 'Алла', '.', '', '', '', '0000-00-00 00:00:00', '0987644939', 'ул. Марка Вовчка 21, оптовая база, магазин', '', 0, 0, 1, '', 0),
(481, 1, 'Редько', 'Владимир', '.', '', '', '', '0000-00-00 00:00:00', '0672202554', '', '', 0, 0, 1, '', 0),
(482, 1, 'Береговой', 'Дмитрий', '.', '', '', '', '0000-00-00 00:00:00', '0932043344', 'ул. чернобыльская 16/80, киоск', '', 0, 0, 1, '', 0),
(483, 1, 'Волонец', 'Владимир', '.', '', '', '', '0000-00-00 00:00:00', '0956885166', '', '', 0, 0, 1, '', 0),
(484, 1, 'Тюх', 'Виктория', '.', '', '', '', '0000-00-00 00:00:00', '0961620079', 'переулок Михаила Реута 19', '', 0, 0, 1, '', 0),
(485, 1, 'Елиеева', 'Оксана', '.', '', '', '', '0000-00-00 00:00:00', '0972659483', 'ул. Академика Ефремова 19, кв.35', '', 0, 0, 1, '', 0),
(486, 1, 'Лисица', 'Надежда', '.', '', '', '', '0000-00-00 00:00:00', '0672709202', '', '', 0, 0, 1, '', 0),
(487, 1, 'Янковый', 'Павел', '.', '', '', '', '0000-00-00 00:00:00', '0504779678', 'ул. О.Гончара 55а', '', 0, 0, 1, '', 0),
(488, 1, 'Хайт', 'Ирада', '.', '', '', '', '0000-00-00 00:00:00', '0988851085', 'ул. Кудряшова 18а, салон красоты', '', 0, 0, 1, '', 0),
(489, 1, 'Войтенко', 'Нина', '.', '', '', '', '0000-00-00 00:00:00', '0954068129', 'ул. Крещатик 44а, 2й этаж, вход со двора.', '', 0, 0, 1, '', 0),
(490, 1, 'Литвенюк', 'Андрей', '', '', '', '', '0000-00-00 00:00:00', '0967386654', 'ул. Туполева 24, 2п', '', 0, 0, 1, '', 0),
(491, 1, 'Пресяжнук', 'Владимир', 'Спепаниноч', '', '', '', '0000-00-00 00:00:00', '0672868886', '', '', 0, 0, 1, '', 0),
(492, 1, 'Пресяжнук', 'Владимир', 'Спепаниноч', '', '', '', '0000-00-00 00:00:00', '0672868886', '', '', 0, 0, 1, '', 0),
(493, 1, 'Семенова', 'Виктория', '.', '', '', '', '0000-00-00 00:00:00', '0976226902', 'с. Петропавловская Борщаговка ул. Оксамытовая 22', '', 0, 0, 1, '', 0),
(494, 1, 'Данченко', 'Олег', '.', '', '', '', '0000-00-00 00:00:00', '0679710045', '', '', 0, 0, 1, '', 0),
(495, 1, 'Шульга', 'Татьяна', '.', '', '', '', '0000-00-00 00:00:00', '0638811373', 'ул. Мршала Тимошенка 15г,  3парадное, 1этаж', '', 0, 0, 1, '', 0),
(496, 1, 'Кучина', 'Людмила', '.', '', '', '', '0000-00-00 00:00:00', '0980553700', 'ул. Туполева 68 (Сторожевая 66)', '', 0, 0, 1, '', 0),
(497, 1, 'Бондерев', 'Геннадий', '.', '', '', '', '0000-00-00 00:00:00', '0675004320', '', '', 0, 0, 1, '', 0),
(498, 1, 'Бондаренко', 'Елена', 'Васильевна', '', '', '', '0000-00-00 00:00:00', '0683589214', '', '', 0, 0, 1, '', 0),
(499, 1, 'Иванов', 'Алексей', '.', '', '', '', '0000-00-00 00:00:00', '0683883956', '', '', 0, 0, 1, '', 0),
(500, 1, 'Марчук', 'Сергей', '', '', '', '', '0000-00-00 00:00:00', '0676585849', '', '', 0, 0, 1, '', 0),
(501, 1, 'Захаренков', 'Максим', 'Артурович', '', '', '', '0000-00-00 00:00:00', '0932791211', 'г.Хмельник, отделение 1', '', 0, 0, 1, '', 0),
(502, 1, 'Береговой', 'Дмитрий', '.', '', '', '', '0000-00-00 00:00:00', '0684138988', 'м. Берестейская, ул. Василенко', '', 0, 0, 1, '', 0),
(503, 1, 'Меняйло', 'Станислав', 'Иванович', '', '', '', '0000-00-00 00:00:00', '0967651903', 'ул. Генерала Жмаченко, 4, кв.181, 8эт', '', 0, 0, 1, '', 0),
(504, 1, 'Чупакова', 'Екатерина', '.', '', '', '', '0000-00-00 00:00:00', '0636772030', 'ул. Радунская 13а, клуб золотой кубок', '', 0, 0, 1, '', 0),
(505, 1, 'Бардадим', 'Мария', 'Федоровна', '', '', '', '0000-00-00 00:00:00', '0960151199', '(нивки) ул. Ружинская, 20/54, кв. 20', '', 0, 0, 1, '', 0),
(506, 1, 'Васильченко', 'Наталья', '.', '', '', '', '0000-00-00 00:00:00', '0681683333', '', '', 0, 0, 1, '', 0),
(507, 1, 'Иванов', 'Андрей', '', '', '', '', '0000-00-00 00:00:00', '0999022508', '', '', 0, 0, 1, '', 0),
(508, 1, 'Ященко', 'Сергей', '.', '', '', '', '0000-00-00 00:00:00', '0672188136', 'ул. Симона Петлюры 30, таскомбанк', '', 0, 0, 1, '', 0),
(509, 1, 'Маркус', 'Владислав', '.', '', '', '', '0000-00-00 00:00:00', '0980862890', '', '', 0, 0, 1, '', 0),
(510, 1, 'Борисов', 'Константин', '.', '', '', '', '0000-00-00 00:00:00', '0957848781', 'пр. Голосеевский 100, кв.99, 5п, 3эт', '', 0, 0, 1, '', 0),
(511, 1, 'Купчик', 'Наталья', '.', '', '', '', '0000-00-00 00:00:00', '0672506551', 'пр.Голосеевский 68, кв.203, 11эт, 4п', '', 0, 0, 1, '', 0),
(512, 1, 'Чорномаз', 'Сергей', '.', '', '', '', '0000-00-00 00:00:00', '0674470638', '', '', 0, 0, 1, '', 0),
(513, 1, 'Божко', 'Наталия', '.', '', '', '', '0000-00-00 00:00:00', '0971539586', 'ул. Крещатик 22, УкрПочта', '', 0, 0, 1, '', 0),
(514, 1, 'Кальба', 'Тарас', '.', '', '', '', '0000-00-00 00:00:00', '0972197401', '', '', 0, 0, 1, '', 0),
(515, 1, 'Мороз', 'Кирилл', '.', '', '', '', '0000-00-00 00:00:00', '0993443837', '', '', 0, 0, 1, '', 0),
(516, 1, 'Финберг', 'Елена', 'Федоровна', '', '', '', '0000-00-00 00:00:00', '0503580536', '', '', 0, 0, 1, '', 0),
(517, 1, 'Вечанская', 'Инна', 'Анатольевна', '', '', '', '0000-00-00 00:00:00', '0977654688', 'пр. Маяковского 30а, кв.244, 1эт, 8п, код 244', '', 0, 0, 1, '', 0),
(518, 1, 'Старовойтов', 'Ярослав', '.', '', '', '', '0000-00-00 00:00:00', '0632334494', '', '', 0, 0, 1, '', 0),
(519, 1, 'Морський', 'Сергій', 'Дмитрович', '', '', '', '0000-00-00 00:00:00', '0632107463', '', '', 0, 0, 1, '', 0),
(520, 1, 'Беренштейн', 'А', '', '', '', '', '0000-00-00 00:00:00', '0503828356', '', '', 0, 0, 1, '', 0),
(521, 1, 'Чернявська', 'Анна', '', '', '', '', '0000-00-00 00:00:00', '0991105779', 'Семьи Хохловых, 15', '', 0, 0, 1, '', 0),
(522, 1, 'Пужико', 'Ирина', '.', '', '', '', '0000-00-00 00:00:00', '0638845771', 'бульвар Леси Украинки 27/2 оф.1', '', 0, 0, 1, '', 0),
(523, 1, 'Беренштейн', 'А', '.', '', '', '', '0000-00-00 00:00:00', '0503828356', '', '', 0, 0, 1, '', 0),
(524, 1, 'Мошенец', 'Татьяна', '.', '', '', '', '0000-00-00 00:00:00', '0634216970', '', '', 0, 0, 1, '', 0),
(525, 1, 'Заяц', 'Татьяна', '.', '', '', '', '0000-00-00 00:00:00', '0990520053', 'ул. Драйзера 8, 1й этаж', '', 0, 0, 1, '', 0),
(526, 1, 'Якубовский', 'Артём', '.', '', '', '', '0000-00-00 00:00:00', '0672403139', 'вулиця Академіка Кримського, 4А', '', 0, 0, 1, '', 0),
(527, 1, 'Смоленцев', 'Владимир', '.', '', '', '', '0000-00-00 00:00:00', '0992713136', '', '', 0, 0, 1, '', 0),
(528, 1, 'Рудый', 'Валерий', '.', '', '', '', '0000-00-00 00:00:00', '0933531796', 'ул. Межигорская 78', '', 0, 0, 1, '', 0),
(529, 1, 'Прытуляк', 'Александра', '.', '', '', '', '0000-00-00 00:00:00', '0976827707', 'ул. Дегтяревская 21Г', '', 0, 0, 1, '', 0),
(530, 1, 'Тулюпа', 'Ольга', '.', '', '', '', '0000-00-00 00:00:00', '0687845058', 'ул. Большая Васильковская 131, кв.10', '', 0, 0, 1, '', 0),
(531, 1, 'Дармороз', 'Игорь', 'Викторович', '', '', '', '0000-00-00 00:00:00', '0978400667', 'ул. Большая Окружная 2д, ЭлектронМаш, магазин сантехники', '', 0, 0, 1, '', 0),
(532, 1, 'Юдин', 'Николай', '.', '', '', '', '0000-00-00 00:00:00', '0973297017', 'ул. Ильинская 8, 11п', '', 0, 0, 1, '', 0),
(533, 1, 'Ремонишин', 'Руслан', '.', '', '', '', '0000-00-00 00:00:00', '0676728331', 'ул.Владимирская 28', '', 0, 0, 1, '', 0),
(534, 1, 'Поночовна', 'Алёна', '.', '', '', '', '0000-00-00 00:00:00', '0996036420', 'ул. Рыбальская 22, 15п, 3этаж', '', 0, 0, 1, '', 0),
(535, 1, 'Гурин', 'Игорь', '.', '', '', '', '0000-00-00 00:00:00', '0966966669', 'Софиевская Борщаговка, ул. Радужна 80, львовский квартал, частный дом', '', 0, 0, 1, '', 0),
(536, 1, 'Романенко,', 'Ольга', '.', '', '', '', '0000-00-00 00:00:00', '0951787907', 'ул. Сикорского 4д, кв.230, 2п, 22этаж', '', 0, 0, 1, '', 0),
(537, 1, 'Топал', 'Александр', '.', '', '', '', '0000-00-00 00:00:00', '0674065906', '', '', 0, 0, 1, '', 0),
(538, 1, 'Радченко', 'Сергей', '.', '', '', '', '0000-00-00 00:00:00', '0953106530', '', '', 0, 0, 1, '', 0),
(539, 1, 'Клиент', 'Тамара', '.', '', '', '', '0000-00-00 00:00:00', '0939434721', 'Криворожская,11', '', 0, 0, 1, '', 0),
(540, 1, 'Товчий', 'Катерина', 'Петровна', '', '', '', '0000-00-00 00:00:00', '0934200638', 'ул. Большая Окружная 110, Столичный рынок, магазин - итальянские продукты', '', 0, 0, 1, '', 0),
(541, 1, 'Котеленец', 'Сергей', '.', '', '', '', '0000-00-00 00:00:00', '0954273316', '', '', 0, 0, 1, '', 0),
(542, 1, 'Грижко', 'Ярослав', '.', '', '', '', '0000-00-00 00:00:00', '0662835120', '', '', 0, 0, 1, '', 0),
(543, 1, 'Безулый', 'Василий', '.', '', '', '', '0000-00-00 00:00:00', '0688767125', '', '', 0, 0, 1, '', 0),
(544, 1, 'Долинский', 'Владимир', '.', '', '', '', '0000-00-00 00:00:00', '0503440651', '', '', 0, 0, 1, '', 0),
(545, 1, 'Кретов', 'Андрей', '.', '', '', '', '0000-00-00 00:00:00', '0679260765', '', '', 0, 0, 1, '', 0),
(546, 1, 'Громова', 'Елена', '.', '', '', '', '0000-00-00 00:00:00', '0672485223', '', '', 0, 0, 1, '', 0),
(547, 1, 'Григорьев', 'Евгений', '.', '', '', '', '0000-00-00 00:00:00', '0675094682', 'ул. Панаса Мирного 17, кв.132, 23этаж', '', 0, 0, 1, '', 0),
(548, 1, 'Приходько', 'Сергей', '.', '', '', '', '0000-00-00 00:00:00', '0503129739', '', '', 0, 0, 1, '', 0),
(549, 1, 'Иващенко', 'Татьяна', 'Ивановна', '', '', '', '0000-00-00 00:00:00', '0503532576', 'ул. Приречная 17, кв.352, 7эт, 11п', '', 0, 0, 1, '', 0),
(550, 1, 'Черкас', 'Александр', 'Владимирович', '', '', '', '0000-00-00 00:00:00', '0502037323', 'ул. Туполева 19,  ТОВ ЕТІ УКРАЇНА', '', 0, 0, 1, '', 0),
(551, 1, 'Шевчук', 'Владимир', ',', '', '', '', '0000-00-00 00:00:00', '0666358249', '', '', 0, 0, 1, '', 0),
(552, 1, 'Якунин', 'Вячеслав', '.', '', '', '', '0000-00-00 00:00:00', '0503322789', 'ул. Сикорского 4, Посольство США', '', 0, 0, 1, '', 0),
(553, 1, 'Шишлов', 'Александр', '.', '', '', '', '0000-00-00 00:00:00', '0509992295', '', '', 0, 0, 1, '', 0),
(554, 1, 'Сокур', 'Сергей', '.', '', '', '', '0000-00-00 00:00:00', '0974269313', '', '', 0, 0, 1, '', 0),
(555, 1, 'Билок', 'Илона', '.', '', '', '', '0000-00-00 00:00:00', '0660289282', 'ул. Евгения Сверстюка, 2а (БЦ Левобережный)', '', 0, 0, 1, '', 0),
(556, 1, 'Намазило', 'Андрей', '', '', '', '', '0000-00-00 00:00:00', '0669709020', 'Проспект Степана Бандери 23а оф 200', '', 0, 0, 1, '', 0),
(557, 1, 'Скаленко', 'Юлия', '', '', '', '', '0000-00-00 00:00:00', '0508596737', '', '', 0, 0, 1, '', 0),
(558, 1, 'Шаповал', 'Николай', '.', '', '', '', '0000-00-00 00:00:00', '0956823021', '', '', 0, 0, 1, '', 0),
(559, 1, 'Конюк', 'Виталий', '.', '', '', '', '0000-00-00 00:00:00', '0503171549', '', '', 0, 0, 1, '', 0),
(560, 1, 'Галака', 'Алёна', '.', '', '', '', '0000-00-00 00:00:00', '0933547425', 'ул. Соляная 70', '', 0, 0, 1, '', 0),
(561, 1, 'Репик', 'Любовь', '.', '', '', '', '0000-00-00 00:00:00', '0681189562', 'пр. Победы 67', '', 0, 0, 1, '', 0),
(562, 1, 'Воробьева', 'Екатерина', '.', '', '', '', '0000-00-00 00:00:00', '0934920403', 'ул. Святошинская 4, кв.73', '', 0, 0, 1, '', 0),
(563, 1, 'Жуковина', 'Марина', '.', '', '', '', '0000-00-00 00:00:00', '0633218888', 'ул. Лаврская 8', '', 0, 0, 1, '', 0),
(564, 1, 'Сухов', 'Владимир', '', '', '', '', '0000-00-00 00:00:00', '0634424297', '', '', 0, 0, 1, '', 0),
(565, 1, 'Хомяк', 'Зеновий', 'Михайлович', '', '', '', '0000-00-00 00:00:00', '0673508171', 'г.Тернополь, отделение 5', '', 0, 0, 1, '', 0),
(566, 1, 'Клиент', 'Татьяна', '.', '', '', '', '0000-00-00 00:00:00', '0675049096', 'Севериновка (Макаровский район), коттеджный городок', '', 0, 0, 1, '', 0),
(567, 1, 'Жорняк', 'Николай', '.', '', '', '', '0000-00-00 00:00:00', '0672365756', '', '', 0, 0, 1, '', 0),
(568, 1, 'Андрєєва', 'Вікторія', '_', '', '', '', '0000-00-00 00:00:00', '0938157456', '', '', 0, 0, 1, '', 0),
(569, 1, 'Берг', 'Мария', '', '', '', '', '0000-00-00 00:00:00', '0634461083', 'ул. М. Гришка 9, 1п, кв.159', '', 0, 0, 1, '', 0),
(570, 1, 'Клиент', 'Клиент', '.', '', '', '', '0000-00-00 00:00:00', '0965361653', '', '', 0, 0, 1, '', 0),
(571, 1, 'Мороз', 'Ольга', '.', '', '', '', '0000-00-00 00:00:00', '0677076985', '', '', 0, 0, 1, '', 0),
(572, 1, 'Митина', 'Мария', '.', '', '', '', '0000-00-00 00:00:00', '0990786917', 'ул. Харьковское шоссе 175, офис. 19', '', 0, 0, 1, '', 0),
(573, 1, 'Андрущак', 'Богдан', '.', '', '', '', '0000-00-00 00:00:00', '0444403430', '', '', 0, 0, 1, '', 0),
(574, 1, 'Гернат', 'Анна', '.', '', '', '', '0000-00-00 00:00:00', '0937622132', 'ул. Введенская 4, клиника Медисса', '', 0, 0, 1, '', 0),
(575, 1, 'Данилюк', 'Наталья', '.', '', '', '', '0000-00-00 00:00:00', '0503008834', 'ул. Березняковская 29, офис 21', '', 0, 0, 1, '', 0),
(576, 1, 'Николаев', 'Сергей', '', '', '', '', '0000-00-00 00:00:00', '0967645227', '', '', 0, 0, 1, '', 0),
(577, 1, 'Смирнова', 'Елена', '.', '', '', '', '0000-00-00 00:00:00', '0503743494', 'ул. Эспланадная 20, офис 903', '', 0, 0, 1, '', 0),
(578, 1, 'Судаков', 'Иван', '', '', '', '', '0000-00-00 00:00:00', '0509531833', '', '', 0, 0, 1, '', 0),
(579, 1, 'Горелов', 'Андрей', '', '', '', '', '0000-00-00 00:00:00', '0506789862', '', '', 0, 0, 1, '', 0),
(580, 1, 'Мевина', 'Ольга', '.', '', '', '', '0000-00-00 00:00:00', '0965353030', 'ул. лисковская 16 стоматология', '', 0, 0, 1, '', 0),
(581, 1, 'Сирота', 'Ангелина', '.', '', '', '', '0000-00-00 00:00:00', '0675065764', 'ул. Виктора Забилы 5', '', 0, 0, 1, '', 0),
(582, 1, 'Осинская', 'Руслана', '', '', '', '', '0000-00-00 00:00:00', '0674679738', 'ул. Дегтяревская 33а', '', 0, 0, 1, '', 0),
(583, 1, 'Карицкий', 'Александр', '.', '', '', '', '0000-00-00 00:00:00', '0633156163', 'ул. Щербакова 69а, кв.4, 2п', '', 0, 0, 1, '', 0),
(584, 1, 'Яловой', 'Богдан', '.', '', '', '', '0000-00-00 00:00:00', '0954197407', '', '', 0, 0, 1, '', 0),
(585, 1, 'Манжова', 'Наталья', '.', '', '', '', '0000-00-00 00:00:00', '0973773049', 'вулиця Заньковецької, 15, магазин Bvlgari', '', 0, 0, 1, '', 0),
(586, 1, 'Коваленко', 'Александр', '.', '', '', '', '0000-00-00 00:00:00', '0673075282', '', '', 0, 0, 1, '', 0),
(587, 1, 'Чижевская', 'Оксана', '.', '', '', '', '0000-00-00 00:00:00', '0972156993', 'ул. Артёма 55б', '', 0, 0, 1, '', 0),
(588, 1, 'Резничек', 'Ирина', '.', '', '', '', '0000-00-00 00:00:00', '0673546390', 'ул. Искровская 6, кв.34, п2, 4эт', '', 0, 0, 1, '', 0),
(589, 1, 'Шпирко', 'Анна', '', '', '', '', '0000-00-00 00:00:00', '0503097774', 'ул. Березняковская 29', '', 0, 0, 1, '', 0),
(590, 1, 'Винченко', 'Дмитрий', '.', '', '', '', '0000-00-00 00:00:00', '0964777530', 'ул.Ракетная 35', '', 0, 0, 1, '', 0),
(591, 1, 'Казилец', 'Вероника', '.', '', '', '', '0000-00-00 00:00:00', '0955098064', 'ул. Жилянская 59', '', 0, 0, 1, '', 0),
(592, 1, 'Дзигал', 'Александр', '', '', '', '', '0000-00-00 00:00:00', '0935319030', '', '', 0, 0, 1, '', 0),
(593, 1, 'Стригун', 'Сергей', '.', '', '', '', '0000-00-00 00:00:00', '0503128462', '', '', 0, 0, 1, '', 0),
(594, 0, 'Полищук', 'Светлана', '.', '', '', '', '0000-00-00 00:00:00', '0673271427', 'ул. Тимошенко 29, парикмахерская', '', 0, 0, 1, '', 0),
(595, 0, 'Полищук', 'Светлана', '.', '', '', '', '0000-00-00 00:00:00', '0673271427', 'ул. Тимошенко 29, парикмахерская', '', 0, 0, 1, '', 0),
(596, 0, 'Полищук', 'Светлана', '.', '', '', '', '0000-00-00 00:00:00', '0673271427', 'ул. Тимошенко 29, парикмахерская', '', 0, 0, 1, '', 0),
(597, 0, 'Полищук', 'Светлана', '.', '', '', '', '0000-00-00 00:00:00', '0673271427', 'ул. Тимошенко 29, парикмахерская', '', 0, 0, 1, '', 0),
(598, 1, 'Полищук', 'Светлана', '.', '', '', '', '0000-00-00 00:00:00', '0673271427', 'ул. М. Тимошенко 29, парикмазерская', '', 0, 0, 1, '', 0),
(599, 1, 'Репоченко', 'Ирина', '.', '', '', '', '0000-00-00 00:00:00', '0501549485', 'пр. Бажана 16, кв.195, 4п, 10этаж', '', 0, 0, 1, '', 0),
(600, 1, 'Владыченко', 'Диана', '', '', '', '', '0000-00-00 00:00:00', '0662330084', '', '', 0, 0, 1, '', 0),
(601, 1, 'Клиент', 'Татьяна', '.', '', '', '', '0000-00-00 00:00:00', '05003103176', '', '', 0, 0, 1, '', 0),
(602, 1, 'Чугук', 'Анастасия', '.', '', '', '', '0000-00-00 00:00:00', '0975643632', 'ул. Закраевского 46б, кв.24, 1п', '', 0, 0, 1, '', 0),
(603, 1, 'Дружко', 'Виктория', '.', '', '', '', '0000-00-00 00:00:00', '0502304087', 'ул. Пимоненко 13, 3эт, офис 33, БЦ Форум', '', 0, 0, 1, '', 0),
(604, 1, 'Солоп', 'Юлія', '.', '', '', '', '0000-00-00 00:00:00', '0930452581', 'Соломянська площа 2, оф 605', '', 0, 0, 1, '', 0),
(605, 1, 'Ткачук', 'Ірина', '.', '', '', '', '0000-00-00 00:00:00', '0637675903', 'Кошиця, Драгоманова 10/21, кв132, 3 пов, 3 п', '', 0, 0, 1, '', 0),
(606, 1, 'Кисельова', 'Людмила', '.', '', '', '', '0000-00-00 00:00:00', '0935702923', 'Дарницький бульвар 8В', '', 0, 0, 1, '', 0),
(607, 1, 'Леоненко', 'Дмитро', '.', '', '', '', '0000-00-00 00:00:00', '0638550878', '', '', 0, 0, 1, '', 0),
(608, 1, 'Марченко', 'Ігор', '', '', '', '', '0000-00-00 00:00:00', '0509629572', '', '', 0, 0, 1, '', 0),
(609, 1, 'Задорін', 'Сергій', '', '', '', '', '0000-00-00 00:00:00', '0675432542', 'бул. Дружби народів 14/16, кв 67', '', 0, 0, 1, '', 0),
(610, 1, 'Байдур', 'Іван', '', '', '', '', '0000-00-00 00:00:00', '0503124000', 'Барбюса 37, оф 32', '', 0, 0, 1, '', 0),
(611, 1, 'Брюховець', 'Віра', 'Леонтівна', '', '', '', '0000-00-00 00:00:00', '0974639166', 'Жукова 31а, кв 13', '', 0, 0, 1, '', 0),
(612, 1, 'Волохович', 'Артем', '', '', '', '', '0000-00-00 00:00:00', '0632355319', '', '', 0, 0, 1, '', 0),
(613, 1, '-', 'Людмила', '', '', '', '', '0000-00-00 00:00:00', '0672407703', 'Дмитрия Луценко 8а кв 46', '', 0, 0, 1, '', 0),
(614, 1, 'Майструк', 'Андрій', '', '', '', '', '0000-00-00 00:00:00', '0634322055', 'Стуса 7, кв 911', '', 0, 0, 1, '', 0),
(615, 1, 'Нікрасова', 'Світлана', 'Іванівна', '', '', '', '0000-00-00 00:00:00', '0506144465', 'пр. Перемоги 93, оф. Нотаріус', '', 0, 0, 1, '', 0),
(616, 1, '.', 'Семен', '.', '', '', '', '0000-00-00 00:00:00', '0684167132', '', '', 0, 0, 1, '', 0),
(617, 1, 'Кагановский', 'Александр', '.', '', '', '', '0000-00-00 00:00:00', '0506382774', '', '', 0, 0, 1, '', 0),
(618, 1, 'Боровков', 'Виталий', '', '', '', '', '0000-00-00 00:00:00', '0675031169', '', '', 0, 0, 1, '', 0),
(619, 1, 'Савенкова', 'Анна', '', '', '', '', '0000-00-00 00:00:00', '0632837888', '', '', 0, 0, 1, '', 0),
(620, 1, 'Мищенко', 'Игорь', '.', '', '', '', '0000-00-00 00:00:00', '0968749890', '', '', 0, 0, 1, '', 0),
(621, 1, 'Бакун', 'Игорь', '.', '', '', '', '0000-00-00 00:00:00', '0931497313', 'ул. Якира 13', '', 0, 0, 1, '', 0),
(622, 1, 'Оксененко', 'Александр', '.', '', '', '', '0000-00-00 00:00:00', '0993454960', 'ул.Михаила Котельникова 1, стоматология', '', 0, 0, 1, '', 0),
(623, 1, 'Клиент', 'Имя', '.', '', '', '', '0000-00-00 00:00:00', '0672161717', '', '', 0, 0, 1, '', 0),
(624, 1, 'Пинчук', 'Вадим', '.', '', '', '', '0000-00-00 00:00:00', '0730033172', '', '', 0, 0, 1, '', 0),
(625, 1, 'Пимонов', 'Олег', '.', '', '', '', '0000-00-00 00:00:00', '0633162958', '', '', 0, 0, 1, '', 0),
(626, 1, 'Остапенко', 'Иван', '.', '', '', '', '0000-00-00 00:00:00', '0980020202', 'Софиевская борщаговка, ул. Боголюбова 9. ЖК &quot;Софиевская Слободка&quot;', '', 0, 0, 1, '', 0),
(627, 1, 'Аляутдинова', 'Ирина', '.', '', '', '', '0000-00-00 00:00:00', '0634732424', 'ул. Большая Васильковская 27, 3этаж, офис 12, фирма ленд', '', 0, 0, 1, '', 0),
(628, 1, 'Шлёнский', 'Павел', '.', '', '', '', '0000-00-00 00:00:00', '0675067620', '', '', 0, 0, 1, '', 0),
(629, 1, 'Желева', 'Жанна', '', '', '', '', '0000-00-00 00:00:00', '0969391649', '', '', 0, 0, 1, '', 0),
(630, 1, 'Алексеева', 'Катерина', '.', '', '', '', '0000-00-00 00:00:00', '0673657909', 'ул.Новаторов 22б, кв.362', '', 0, 0, 1, '', 0),
(631, 1, 'Григорян', 'Элина', '.', '', '', '', '0000-00-00 00:00:00', '0972222525', 'УЛ. Столичное шосе 101, 2этаж, Бутик &quot;МАТТЕО&quot;', '', 0, 0, 1, '', 0),
(632, 1, 'Хоменко', 'Иван', '.', '', '', '', '0000-00-00 00:00:00', '0503109150', '', '', 0, 0, 1, '', 0),
(633, 1, 'Филипова', 'Катерина', '.', '', '', '', '0000-00-00 00:00:00', '0956261776', 'ул. О. Гончара 41, фирма Мустанг', '', 0, 0, 1, '', 0),
(634, 1, 'Карпова', 'Марина', '.', '', '', '', '0000-00-00 00:00:00', '0990775896', 'ул. Кловский спуск 7', '', 0, 0, 1, '', 0),
(635, 1, 'Клиент', 'Аня', '.', '', '', '', '0000-00-00 00:00:00', '0979382785', '', '', 0, 0, 1, '', 0),
(636, 1, 'Черняева', 'Вероника', '.', '', '', '', '0000-00-00 00:00:00', '0936105333', 'бульвар Дружбы-Народов 14/16, Twin Apart Hotel', '', 0, 0, 1, '', 0),
(637, 1, 'Гринюк', 'Дмитрий', '.', '', '', '', '0000-00-00 00:00:00', '0683503055', '', '', 0, 0, 1, '', 0),
(638, 1, 'Никиточкина', 'Наталья', '.', '', '', '', '0000-00-00 00:00:00', '0674422555', 'ул. Панаса Мирного 8, кв.12', '', 0, 0, 1, '', 0),
(639, 1, 'Гершкович', 'Дмитрий', '.', '', '', '', '0000-00-00 00:00:00', '0968183486', '', '', 0, 0, 1, '', 0),
(640, 1, 'Добровольская', 'Елена', '', '', '', '', '0000-00-00 00:00:00', '0991599673', '', '', 0, 0, 1, '', 0),
(641, 1, 'Антоненко', 'Игорь', '.', '', '', '', '0000-00-00 00:00:00', '0634072318', 'проспект Героїв Сталінграду, 4, корпус 1, кв 36', '', 0, 0, 1, '', 0),
(642, 1, 'Шебастюк', 'Анна', '.', '', '', '', '0000-00-00 00:00:00', '0971970239', 'ул.Старонаводницкая 6б, офис 96, 1й этаж', '', 0, 0, 1, '', 0),
(643, 1, 'Медведева', 'Наталья', '.', '', '', '', '0000-00-00 00:00:00', '0978184364', 'ул. Коновальца 36Б', '', 0, 0, 1, '', 0),
(644, 1, 'Собченко', 'Александр', '.', '', '', '', '0000-00-00 00:00:00', '0504449808', 'ул. Ольжича 29, СТО', '', 0, 0, 1, '', 0),
(645, 1, 'Клиент', 'Валентина', '.', '', '', '', '0000-00-00 00:00:00', '0635972517', 'ул. Приречная 37, кв.391', '', 0, 0, 1, '', 0),
(646, 0, 'Приима', 'Андрей', 'Олегович', '', '', '', '0000-00-00 00:00:00', '0503121456', '', '', 0, 0, 1, '', 0),
(647, 1, 'Ибрагимов', 'Ильшат', '.', '', '', '', '0000-00-00 00:00:00', '0685373333', '', '', 0, 0, 1, '', 0),
(648, 1, 'Кошлак', 'Татьяна', '.', '', '', '', '0000-00-00 00:00:00', '0967737136', 'ул. Василенко 1,  авторемонтный завод', '', 0, 0, 1, '', 0),
(649, 1, 'Зайченко', 'Иван', '.', '', '', '', '0000-00-00 00:00:00', '0633407760', 'пр. Лобановского 6Д', '', 0, 0, 1, '', 0),
(650, 1, 'Мороко', 'Марьяна', '', '', '', '', '0000-00-00 00:00:00', '0504444058', '', '', 0, 0, 1, '', 0),
(651, 1, 'Пекульская', 'Наталья', '.', '', '', '', '0000-00-00 00:00:00', '0685950995', 'переулок Западный 3ц, офис 1-7', '', 0, 0, 1, '', 0),
(652, 1, 'Радченко', 'Лилия', '.', '', '', '', '0000-00-00 00:00:00', '0672188126', 'ул. Симона Петрюри 30, таскомбанк', '', 0, 0, 1, '', 0),
(653, 1, 'Марюхина', 'Людмила', '.', '', '', '', '0000-00-00 00:00:00', '0963511644', 'ул. Дмитриевская 82', '', 0, 0, 1, '', 0),
(654, 1, 'Гричина', 'Анна', '.', '', '', '', '0000-00-00 00:00:00', '0935825151', 'ул. Тургеневская 22, турфирма вояж', '', 0, 0, 1, '', 0),
(655, 1, 'Захарченко', 'Олег', '.', '', '', '', '0000-00-00 00:00:00', '0679416318', '', '', 0, 0, 1, '', 0),
(656, 1, 'Клиент', '.', '.', '', '', '', '0000-00-00 00:00:00', '0987695973', 'Софиевская борщаговка, ул. Леси Украинки 14б (петровский квартал)', '', 0, 0, 1, '', 0),
(657, 1, 'Клиент', 'Катерина', '.', '', '', '', '0000-00-00 00:00:00', '0978112606', 'ул. Деревлянская 8, «УКРПРОМХОЛДИНГ «АВГУСТ»', '', 0, 0, 1, '', 0),
(658, 1, 'Драч', 'Ирина', 'Петровна', '', '', '', '0000-00-00 00:00:00', '0673244195', 'ул. Чоколовский бульвар 20, магазин Эльф Декор', '', 0, 0, 1, '', 0),
(659, 1, 'Панчишный', 'Дмитрий', '.', '', '', '', '0000-00-00 00:00:00', '0672161717', '', '', 0, 0, 1, '', 0),
(660, 1, 'Циумчик', 'Александр', '.', '', '', '', '0000-00-00 00:00:00', '0503315586', 'ул. Григоренко 28а, кв.60, 11этаж', '', 0, 0, 1, '', 0),
(661, 1, 'Лебон', 'Александр', '.', '', '', '', '0000-00-00 00:00:00', '0981140456', 'ул. Алма-Атинская 2', '', 0, 0, 1, '', 0),
(662, 1, 'Залозный', 'Владимир', 'Иванович', '', '', '', '0000-00-00 00:00:00', '0503111709', 'ул. Артёма 46, Міжнародний фонд &quot;Відродження&quot;', '', 0, 0, 1, '', 0),
(663, 1, 'Леонов', 'Александр', '.', '', '', '', '0000-00-00 00:00:00', '0505995315', 'ул. Коллекторная 17', '', 0, 0, 1, '', 0),
(664, 1, 'Халиман', 'Михаил', '.', '', '', '', '0000-00-00 00:00:00', '0503132710', '', '', 0, 0, 1, '', 0),
(665, 1, 'Кондратова', 'Юлия', '.', '', '', '', '0000-00-00 00:00:00', '0937068545', 'улица Чоповского 28, Летки, Киевская область', '', 0, 0, 1, '', 0),
(666, 1, 'Станкевич', 'Максим', '', '', '', '', '0000-00-00 00:00:00', '0974680613', '', '', 0, 0, 1, '', 0),
(667, 1, 'Зубко', 'Анжела', 'Александровна', '', '', '', '0000-00-00 00:00:00', '0973563792', 'ул. Шумского 1, офис 119, 4 этаж', '', 0, 0, 1, '', 0),
(668, 1, 'Мальник', 'Танила', '.', '', '', '', '0000-00-00 00:00:00', '0638872162', 'ул. Большая Васильковская 72, офис 66, 22 этаж, АО A.L.TERRA', '', 0, 0, 1, '', 0),
(669, 1, 'Залозный', 'Владимир', 'Иванович', '', '', '', '0000-00-00 00:00:00', '0503111709', 'пер. Бехтеровский 5, МФ &quot;Відродження&quot;', '', 0, 0, 1, '', 0),
(670, 1, 'Клиент', 'Тарас', 'Александрович', '', '', '', '0000-00-00 00:00:00', '0985687777', 'ул. Туполева 5', '', 0, 0, 1, '', 0),
(671, 1, 'Береговой', 'Дмитрий', '.', '', '', '', '0000-00-00 00:00:00', '0684138988', 'ул. Булаховского 5, киоск Пепси', '', 0, 0, 1, '', 0),
(672, 1, 'Терещенко', 'Ирина', '.', '', '', '', '0000-00-00 00:00:00', '0979212193', 'пр. Победы 5', '', 0, 0, 1, '', 0),
(673, 1, 'Висовень', 'Олег', '', '', '', '', '0000-00-00 00:00:00', '0504688266', '', '', 0, 0, 1, '', 0),
(674, 1, 'Конопелько', 'Алексей', '.', '', '', '', '0000-00-00 00:00:00', '0637703931', '', '', 0, 0, 1, '', 0),
(675, 1, 'Савченко', 'Елена', '.', '', '', '', '0000-00-00 00:00:00', '0674664162', '', '', 0, 0, 1, '', 0),
(676, 1, 'Серченко', 'Сергей', '.', '', '', '', '0000-00-00 00:00:00', '0970045516', 'Петропавловская борщаговка улица Садовая 1', '', 0, 0, 1, '', 0),
(677, 1, 'Братченко', 'Евгений', '.', '', '', '', '0000-00-00 00:00:00', '0506944443', 'ул. Кловский спуск 12а, кв.34', '', 0, 0, 1, '', 0),
(678, 1, 'Хрунь', 'Анна', '.', '', '', '', '0000-00-00 00:00:00', '0993004369', 'ул. Артёма 77', '', 0, 0, 1, '', 0),
(679, 1, 'Клиент', 'Марина', '.', '', '', '', '0000-00-00 00:00:00', '0957946684', 'ул. Круглоуниверситетская 15, салон Вояж Спа', '', 0, 0, 1, '', 0),
(680, 1, 'Козинец', 'Игорь', '.', '', '', '', '0000-00-00 00:00:00', '0674657284', '', '', 0, 0, 1, '', 0),
(681, 1, 'Скоробогатская', 'Мая', 'Александровна', '', '', '', '0000-00-00 00:00:00', '0938180061', 'ул. Вышгородская 21, институт', '', 0, 0, 1, '', 0),
(682, 1, 'Ильенко', 'Инна', '.', '', '', '', '0000-00-00 00:00:00', '0508483098', 'ул.Хотовская 4', '', 0, 0, 1, '', 0),
(683, 1, 'Левченко', 'Анатолий', '.', '', '', '', '0000-00-00 00:00:00', '0503681792', 'ул. Ващенко 3, кв.126, 22этаж', '', 0, 0, 1, '', 0),
(684, 1, 'Клиент', 'Клиент', '.', '', '', '', '0000-00-00 00:00:00', '0988969005', 'ул. драгомирова 17', '', 0, 0, 1, '', 0),
(685, 1, 'Клиент', 'Алексей', '', '', '', '', '0000-00-00 00:00:00', '0632479599', '', '', 0, 0, 1, '', 0),
(686, 1, 'Калмакова', 'Галина', '.', '', '', '', '0000-00-00 00:00:00', '0935487077', '', '', 0, 0, 1, '', 0),
(687, 1, 'Белугин', 'Сергей', '.', '', '', '', '0000-00-00 00:00:00', '0679882085', '', '', 0, 0, 1, '', 0),
(688, 1, 'Стеценко', 'Инна', '.', '', '', '', '0000-00-00 00:00:00', '0967741450', 'пр. Победы 90/1, венбест', '', 0, 0, 1, '', 0),
(689, 1, 'Шевченко', 'Ирина', '.', '', '', '', '0000-00-00 00:00:00', '0500707335', '', '', 0, 0, 1, '', 0),
(690, 1, 'Соколова', 'Наталья', '.', '', '', '', '0000-00-00 00:00:00', '0934758058', '', '', 0, 0, 1, '', 0),
(691, 1, 'Полевский', 'Олег', '.', '', '', '', '0000-00-00 00:00:00', '0938443944', '', '', 0, 0, 1, '', 0),
(692, 1, 'Ешан', 'Елена', '', '', '', '', '0000-00-00 00:00:00', '0952873511', '', '', 0, 0, 1, '', 0),
(693, 1, 'Милицька', 'Леся', '.', '', '', '', '0000-00-00 00:00:00', '0674101213, 0504151300', 'пер. Музейный 4, ТОВ СП "НІБУЛОН"', '', 0, 0, 1, '', 0),
(694, 1, 'Соколова', 'Наталья', '.', '', '', '', '0000-00-00 00:00:00', '0934758058', '', '', 0, 0, 1, '', 0),
(695, 1, 'Горкун', 'Татьяна', '.', '', '', '', '0000-00-00 00:00:00', '0676523488', 'ул. Днепровская Набережная 19а, п4, 18этаж, офис 312', '', 0, 0, 1, '', 0),
(696, 1, 'Клиент', 'Михаил', '.', '', '', '', '0000-00-00 00:00:00', '0669886885', '', '', 0, 0, 1, '', 0),
(697, 1, 'Коваленко', 'Вячеслав', '.', '', '', '', '0000-00-00 00:00:00', '0636053902', 'ул. Дмитриевская 46а, ПрАТ "СК" "Форте Лайф"', '', 0, 0, 1, '', 0),
(698, 1, 'Рудник', 'Владимир', '', '', '', '', '0000-00-00 00:00:00', '0674409642', '', '', 0, 0, 1, '', 0),
(699, 1, 'Надточий', 'Сергей', '.', '', '', '', '0000-00-00 00:00:00', '0671239977', 'ул. Кириловская 160, корпус Б (вход в ФольксАвто на 2й этаж)', '', 0, 0, 1, '', 0),
(700, 1, 'Ронина', 'Елена', '', '', '', '', '0000-00-00 00:00:00', '0504114992', '', '', 0, 0, 1, '', 0),
(701, 1, 'Римиханов', 'Эдуард', 'Вердиханович', '', '', '', '0000-00-00 00:00:00', '0442280279', 'б. Л.Украинки 29, офис 75 ЮК«АМБЕР»', '', 0, 0, 1, '', 0),
(702, 1, 'Клиент', 'Клиент', '.', '', '', '', '0000-00-00 00:00:00', '0503850210', 'село Новые Безрадичи, Обуховский район', '', 0, 0, 1, '', 0),
(703, 1, 'Дюбанов', 'Игорь', '.', '', '', '', '0000-00-00 00:00:00', '0663750875', '', '', 0, 0, 1, '', 0),
(704, 1, 'Овчаренко', 'Светлана', '.', '', '', '', '0000-00-00 00:00:00', '0637447155', 'ул. М.Тимошенко 1В, кв.77, 10этаж', '', 0, 0, 1, '', 0),
(705, 1, 'Волошин', 'Артур', '.', '', '', '', '0000-00-00 00:00:00', '0675041936', '', '', 0, 0, 1, '', 0),
(706, 1, 'Драчук', 'Снежана', '.', '', '', '', '0000-00-00 00:00:00', '0984642003', '', '', 0, 0, 1, '', 0),
(707, 1, 'Плескаченко', 'Дмитрий', '.', '', '', '', '0000-00-00 00:00:00', '0675257549', '', '', 0, 0, 1, '', 0),
(708, 1, 'Левада', 'Александр', '.', '', '', '', '0000-00-00 00:00:00', '0973659275', '', '', 0, 0, 1, '', 0),
(709, 1, 'Натолока', 'Юлия', '.', '', '', '', '0000-00-00 00:00:00', '0950651329', '', '', 0, 0, 1, '', 0),
(710, 1, 'Могильная', 'Катерина', '.', '', '', '', '0000-00-00 00:00:00', '0660196795', 'ул. Шелковичная 42/44,БЦ Горизонт, 1этаж, офис 1Б', '', 0, 0, 1, '', 0),
(711, 1, 'Кузнецова', 'Татьяна', '.', '', '', '', '0000-00-00 00:00:00', '0504230008', 'ул. Некрасовская 6, 1этаж', '', 0, 0, 1, '', 0),
(712, 1, 'Клиент', 'на Щорса 44а', '.', '', '', '', '0000-00-00 00:00:00', '0681524173', 'ул. Щорса 44а, 3й сектор, 13й этаж, кв.415', '', 0, 0, 1, '', 0),
(713, 1, 'Клиент', 'Елена', '.', '', '', '', '0000-00-00 00:00:00', '0681524173', 'ул Старонаводницкая 6Б', '', 0, 0, 1, '', 0),
(714, 1, 'Бурлак', 'Ольга', '.', '', '', '', '0000-00-00 00:00:00', '0506571012', 'ул. Булаховского 2/1, БЦ Агромат, салон «Добра Підлога»', '', 0, 0, 1, '', 0),
(715, 1, 'Забара', 'Ольга', '.', '', '', '', '0000-00-00 00:00:00', '0679393484', '', '', 0, 0, 1, '', 0),
(716, 1, 'Теплов', 'Борис', '.', '', '', '', '0000-00-00 00:00:00', '0675014744', 'ул. Бульвар Шевченка 9/28', '', 0, 0, 1, '', 0),
(717, 1, 'Пимонов', 'Олег', '.', '', '', '', '0000-00-00 00:00:00', '0633162958', '', '', 0, 0, 1, '', 0),
(718, 1, 'Черепахин', 'Сергей', '.', '', '', '', '0000-00-00 00:00:00', '0508577446', 'ул. Воздвиженская 48/1', '', 0, 0, 1, '', 0),
(719, 1, 'Абдураимов', 'Арсений', '.', '', '', '', '0000-00-00 00:00:00', '0674013064', '', '', 0, 0, 1, '', 0),
(720, 1, 'Черный', 'Александр', 'Петрович', '', '', '', '0000-00-00 00:00:00', '0503388448', '', '', 0, 0, 1, '', 0),
(721, 1, 'Кирилюк', 'Алена', 'Леонидовна', '', '', '', '0000-00-00 00:00:00', '05041126711', 'Симиренко 17 2эт приемная', '', 0, 0, 1, '', 0),
(722, 1, 'Беспалова', 'Наталья', '.', '', '', '', '0000-00-00 00:00:00', '0679360417', 'регенераторная 4 комфорт таун, 4корпус, 5п, 6этаж, кв.178', '', 0, 0, 1, '', 0),
(723, 1, 'Никоненко', 'Александр', '.', '', '', '', '0000-00-00 00:00:00', '0503316317', '', '', 0, 0, 1, '', 0),
(724, 1, 'Масыч', 'Николай', 'Николаевич', '', '', '', '0000-00-00 00:00:00', '.', '.', '', 0, 0, 1, '', 0),
(725, 1, 'Муха', 'Вячеслав', '.', '', '', '', '0000-00-00 00:00:00', '0673088974', '', '', 0, 0, 1, '', 0),
(726, 1, 'Молчанов', 'Александр', 'Викторович', '', '', '', '0000-00-00 00:00:00', '0503520169', 'ул. Бориса Гмыри, 1,  ТОВ Солстрой', '', 0, 0, 1, '', 0),
(727, 1, 'Занемонская', 'Мелисса', '.', '', '', '', '0000-00-00 00:00:00', '0954304819', '', '', 0, 0, 1, '', 0),
(728, 1, 'Лисьева', 'Юлия', '.', '', '', '', '0000-00-00 00:00:00', '0965208190', 'ул. Бакунина 1, Спорткомплекс', '', 0, 0, 1, '', 0),
(729, 1, 'Мартыненко', 'Александр', '.', '', '', '', '0000-00-00 00:00:00', '0672094925', '', '', 0, 0, 1, '', 0),
(730, 1, 'Олешко', 'Оксана', '.', '', '', '', '0000-00-00 00:00:00', '0503816064', 'Софиевская борщаговка, ул. Травнева 11', '', 0, 0, 1, '', 0),
(731, 1, 'Пунчак', 'Владимир', '.', '', '', '', '0000-00-00 00:00:00', '0674440250', 'ул. Шолом-Алейхема 16, кв.143, 9эт, 4п', '', 0, 0, 1, '', 0),
(732, 1, 'Животовская', 'Катерина', '.', '', '', '', '0000-00-00 00:00:00', '0637081534', 'улица Владимирская 81', '', 0, 0, 1, '', 0),
(733, 1, 'Причина', 'Алла', 'Дмитриевна', '', '', '', '0000-00-00 00:00:00', '0991015730', 'ул. Вавилових, 13, ННДІПБОП', '', 0, 0, 1, '', 0),
(734, 1, 'Станкевич', 'Сергей', '.', '', '', '', '0000-00-00 00:00:00', '0506866263', '', '', 0, 0, 1, '', 0),
(735, 1, 'Волохатюк', 'Дмитрий', '.', '', '', '', '0000-00-00 00:00:00', '0679189586', '', '', 0, 0, 1, '', 0),
(736, 1, 'Клиент', 'Катарина', 'Тургеневская 44', '', '', '', '0000-00-00 00:00:00', '0675500777', 'ул.Тургеневская 44, кв.48', '', 0, 0, 1, '', 0),
(737, 1, 'Шандра', 'Андрей', '.', '', '', '', '0000-00-00 00:00:00', '0675002554', 'ул. Московская 46/2, кв.154', '', 0, 0, 1, '', 0),
(738, 1, 'Микитенко', 'Ольга', 'Володимирівна', '', '', '', '0000-00-00 00:00:00', '0930106622', '', '', 0, 0, 1, '', 0),
(739, 1, 'Архіпцев', 'Олександр', 'Вікторович', '', '', '', '0000-00-00 00:00:00', '0503467260', '', '', 0, 0, 1, '', 0),
(740, 1, 'Богатский', 'Юрий', '.', '', '', '', '0000-00-00 00:00:00', '0675659757', '', '', 0, 0, 1, '', 0),
(741, 1, 'Балогун', 'Влада', '.', '', '', '', '0000-00-00 00:00:00', '0939657820', '', '', 0, 0, 1, '', 0),
(742, 1, 'Дашутин', 'Анатолий', 'Николаевич', '', '', '', '0000-00-00 00:00:00', '0936169516', '', '', 0, 0, 1, '', 0),
(743, 1, 'Самдалери', 'Александра', '.', '', '', '', '0000-00-00 00:00:00', '0508537080', '', '', 0, 0, 1, '', 0),
(744, 1, 'Лобанец', 'Евгений', '.', '', '', '', '0000-00-00 00:00:00', '0509732067', '', '', 0, 0, 1, '', 0),
(745, 1, 'Гульчевская', 'Оксана', '.', '', '', '', '0000-00-00 00:00:00', '0992915649', '', '', 0, 0, 1, '', 0),
(746, 1, 'Шаповалов', 'Денис', '_', '', '', '', '0000-00-00 00:00:00', '0953856102', '', '', 0, 0, 1, '', 0),
(747, 1, 'Ільїна', 'Тетяна', '_', '', '', '', '0000-00-00 00:00:00', '0962233322', 'пр. Повітрофлоцький 31, 3 поверх, оф.328, ректор', '', 0, 0, 1, '', 0),
(748, 1, 'Синявський', 'Віталій', '_', '', '', '', '0000-00-00 00:00:00', '0688839911', '', '', 0, 0, 1, '', 0),
(749, 1, 'Полякова', 'Наталя', '.', '', '', '', '0000-00-00 00:00:00', '0952204040', 'Якуба Колоса 10, салон краси', '', 0, 0, 1, '', 0),
(750, 1, 'Заборний', 'Генадій', '.', '', '', '', '0000-00-00 00:00:00', '0632530629', '', '', 0, 0, 1, '', 0),
(751, 1, 'Колосова', 'Алла', '', '', '', '', '0000-00-00 00:00:00', '0509080586', '', '', 0, 0, 1, '', 0),
(752, 1, 'Лицов', 'Денис', '.', '', '', '', '0000-00-00 00:00:00', '0993650665', 'Воздвиженська 3/1', '', 0, 0, 1, '', 0),
(753, 1, 'Гільфер', 'Арсеній', '.', '', '', '', '0000-00-00 00:00:00', '0503309646', '', '', 0, 0, 1, '', 0),
(754, 1, 'Гайовець', 'Віталій', '.', '', '', '', '0000-00-00 00:00:00', '0502322222', 'Артема 70а', '', 0, 0, 1, '', 0),
(755, 1, 'Пінчук', 'Володимир', '.', '', '', '', '0000-00-00 00:00:00', '0975206150', '', '', 0, 0, 1, '', 0),
(756, 1, 'Зорка', 'Ярослав', '.', '', '', '', '0000-00-00 00:00:00', '0999462924', 'Глибочицька 44', '', 0, 0, 1, '', 0),
(757, 1, 'Ганєєв', 'Рустам', '.', '', '', '', '0000-00-00 00:00:00', '0631560601', '', '', 0, 0, 1, '', 0),
(758, 1, 'Омелянчик', 'Вікторія', '.', '', '', '', '0000-00-00 00:00:00', '0674985864', '', '', 0, 0, 1, '', 0),
(759, 1, 'Кучина', 'Людмила', 'Миколаївна', '', '', '', '0000-00-00 00:00:00', '0669291713, 0980553700', 'улица Стеценко, 19/66', '', 0, 0, 1, '', 0),
(760, 1, 'Тарасюк', 'Олександр', '.', '', '', '', '0000-00-00 00:00:00', '0734166955', '', '', 0, 0, 1, '', 0),
(761, 1, 'Іволга', 'Людмила', '.', '', '', '', '0000-00-00 00:00:00', '0682701907', 'Грінченко 18, автосалон Автобіографія', '', 0, 0, 1, '', 0),
(762, 1, 'Бабіч', 'Анатолій', '.', '', '', '', '0000-00-00 00:00:00', '0667633083', '', '', 0, 0, 1, '', 0),
(763, 1, 'Горовий', 'Юрій', '.', '', '', '', '0000-00-00 00:00:00', '0935043444', '', '', 0, 0, 1, '', 0),
(764, 1, 'Асадов', 'Алі', '.', '', '', '', '0000-00-00 00:00:00', '0972330011', 'м. Оболонь, кіоск шаурма', '', 0, 0, 1, '', 0),
(765, 1, 'Садовський', 'Сергій', '.', '', '', '', '0000-00-00 00:00:00', '0966347218', '', '', 0, 0, 1, '', 0),
(766, 1, 'Романенко', 'Володимир', '', '', '', '', '0000-00-00 00:00:00', '0932400351', '', '', 0, 0, 1, '', 0),
(767, 1, '-', 'Виктория', '', '', '', '', '0000-00-00 00:00:00', '0931674720', 'Кавказкая 9', '', 0, 0, 1, '', 0),
(768, 1, '-', 'Инна', '', '', '', '', '0000-00-00 00:00:00', '0965974801', 'Руданского 3а магазин Апельсин', '', 0, 0, 1, '', 0),
(769, 1, 'Савченко', 'Віктор', '.', '', '', '', '0000-00-00 00:00:00', '0674483080', '', '', 0, 0, 1, '', 0),
(770, 1, 'Іноземцева', 'Катерина', '.', '', '', '', '0000-00-00 00:00:00', '0631004776', '', '', 0, 0, 1, '', 0),
(771, 1, 'Талалуєва', 'Наталя', 'Олександрівна', '', '', '', '0000-00-00 00:00:00', '0508012288', '', '', 0, 0, 1, '', 0),
(772, 1, 'Марчук', 'Елена', '', '', '', '', '0000-00-00 00:00:00', '0972363564', '', '', 0, 0, 1, '', 0),
(773, 1, 'Мурженко', 'Анна', '', '', '', '', '0000-00-00 00:00:00', '0937031642', '', '', 0, 0, 1, '', 0),
(774, 1, '.', 'Роман', '.', '', '', '', '0000-00-00 00:00:00', '0679004257', 'пр. Степана Бандери 7', '', 0, 0, 1, '', 0),
(775, 1, 'Хомич', 'Ярослав', '.', '', '', '', '0000-00-00 00:00:00', '0966175517', '', '', 0, 0, 1, '', 0),
(776, 1, 'Шедов', 'Михайло', 'Іванович', '', '', '', '0000-00-00 00:00:00', '0663386744', '', '', 0, 0, 1, '', 0),
(777, 1, 'Гутовий', 'Володимир', 'Петрович', '', '', '', '0000-00-00 00:00:00', '0973022060', 'бул. Шевченка 27', '', 0, 0, 1, '', 0),
(778, 1, 'Карпенко', 'Юрій', '.', '', '', '', '0000-00-00 00:00:00', '0982287722', 'Драгомірова 16/35', '', 0, 0, 1, '', 0),
(779, 1, 'Вознесенский', 'Денис', '.', '', '', '', '0000-00-00 00:00:00', '0674804088', '', '', 0, 0, 1, '', 0),
(780, 1, 'Робочая', 'Ирина', '', '', '', '', '0000-00-00 00:00:00', '0632421975', '', '', 0, 0, 1, '', 0),
(781, 1, '-', 'Сергей', '', '', '', '', '0000-00-00 00:00:00', '0687616169', '', '', 0, 0, 1, '', 0),
(782, 1, 'Каплуненко', 'Станіслав', '.', '', '', '', '0000-00-00 00:00:00', '0504690907', '', '', 0, 0, 1, '', 0),
(783, 1, '.', 'Руслан', '.', '', '', '', '0000-00-00 00:00:00', '0634616200', 'Заньковецька 5/2, кв.78', '', 0, 0, 1, '', 0),
(784, 1, 'Урвант', 'Леся', '.', '', '', '', '0000-00-00 00:00:00', '0679119078', '', '', 0, 0, 1, '', 0),
(785, 1, 'Холмська', 'Сільвія', '.', '', '', '', '0000-00-00 00:00:00', '0638807047', '', '', 0, 0, 1, '', 0),
(786, 1, 'Шелест', 'Володимир', '.', '', '', '', '0000-00-00 00:00:00', '0978883018', '', '', 0, 0, 1, '', 0),
(787, 1, 'Сергеева', 'Ольга', '.', '', '', '', '0000-00-00 00:00:00', '0933533351', 'ул. Саксаганского 60', '', 0, 0, 1, '', 0),
(788, 1, 'Басанько', 'Ольга', '.', '', '', '', '0000-00-00 00:00:00', '0688928123', 'ул. Саксаганского 54/56, тур фирма Альбатрос', '', 0, 0, 1, '', 0),
(789, 1, 'Березкин', 'Иван', '.', '', '', '', '0000-00-00 00:00:00', '0675048887', '', '', 0, 0, 1, '', 0),
(790, 1, 'Бандаш', 'Владимир', '.', '', '', '', '0000-00-00 00:00:00', '0503118837', '', '', 0, 0, 1, '', 0),
(791, 1, 'Демьянчук', 'Олег', '.', '', '', '', '0000-00-00 00:00:00', '0636357707', '', '', 0, 0, 1, '', 0),
(792, 1, 'Береговой', 'Дмитрий', '.', '', '', '', '0000-00-00 00:00:00', '0684138988', 'вулиця Академіка Єфремова, 3 (ул. Уборевича), тел. продавца 0980125528', '', 0, 0, 1, '', 0),
(793, 1, 'Головчук', 'Володимир', 'Олександрович', '', '', '', '0000-00-00 00:00:00', '0508720877', '', '', 0, 0, 1, '', 0),
(794, 1, 'Вовнянко', 'Галина', 'Дмитриевна', '', '', '', '0000-00-00 00:00:00', '0980920582', '', '', 0, 0, 1, '', 0),
(795, 1, 'Михайлик', 'Игорь', '', '', '', '', '0000-00-00 00:00:00', '0672327045', '', '', 0, 0, 1, '', 0),
(796, 1, 'Савичь', 'Тимофей', '', '', '', '', '0000-00-00 00:00:00', '0971076231', '', '', 0, 0, 1, '', 0);
INSERT INTO `users` (`user_id`, `id_sc`, `fam`, `imya`, `otch`, `login`, `password`, `mail`, `send_mail`, `phone`, `adres`, `zavod`, `gorod_id`, `id_group`, `id_portret`, `user_hash`, `active`) VALUES
(797, 1, 'Поповичук', 'Полина', '.', '', '', '', '0000-00-00 00:00:00', '0987054449', 'ул. Паньковская 14а, фирма Викс', '', 0, 0, 1, '', 0),
(798, 1, 'Удовенко', 'Алёна', '.', '', '', '', '0000-00-00 00:00:00', '0973178164', 'село Софиевская Борщаговка, ул. Соборная, 144, кемикал украина', '', 0, 0, 1, '', 0),
(799, 1, 'Крайний', 'Сергей', '.', '', '', '', '0000-00-00 00:00:00', '0975863302', 'ул. Анри Барбюса 37/1', '', 0, 0, 1, '', 0),
(800, 1, 'Жигарев', 'Андрей', '.', '', '', '', '0000-00-00 00:00:00', '0503949879', '', '', 0, 0, 1, '', 0),
(801, 1, 'Сапарин', 'Стас', '.', '', '', '', '0000-00-00 00:00:00', '0969115289', '', '', 0, 0, 1, '', 0),
(802, 1, 'Коваль', 'Николай', '.', '', '', '', '0000-00-00 00:00:00', '0674069935', '', '', 0, 0, 1, '', 0),
(803, 1, 'Шевченко', 'Наталья', '', '', '', '', '0000-00-00 00:00:00', '0505962425', '', '', 0, 0, 1, '', 0),
(804, 1, 'Кривошеенко', 'Татьяна', '.', '', '', '', '0000-00-00 00:00:00', '0954962678', 'ул. Глубочицкая 101', '', 0, 0, 1, '', 0),
(805, 1, 'Корнеева', 'Светлана', '.', '', '', '', '0000-00-00 00:00:00', '0730730122', 'ул. сырецкая 9 корп. 1 ф офис 222, фирма Картроникс', '', 0, 0, 1, '', 0),
(806, 1, 'Косцевич', 'Алексей', '.', '', '', '', '0000-00-00 00:00:00', '0979173086', '', '', 0, 0, 1, '', 0),
(807, 1, 'Паткевич', 'Евгений', '.', '', '', '', '0000-00-00 00:00:00', '0935116870', '', '', 0, 0, 1, '', 0),
(808, 1, 'Носач', 'Наталья', '.', '', '', '', '0000-00-00 00:00:00', '0664632802', 'переулок Ремесленный 10', '', 0, 0, 1, '', 0),
(809, 1, 'Клиент', 'Наталья', '.', '', '', '', '0000-00-00 00:00:00', '0932590019, 0443326949', 'пр. Бажана 10а, парикмахерская Шаде', '', 0, 0, 1, '', 0),
(810, 1, 'Рязянцев', 'Сергей', '.', '', '', '', '0000-00-00 00:00:00', '0506099663', '', '', 0, 0, 1, '', 0),
(811, 1, 'Чисак', 'Максим', '.', '', '', '', '0000-00-00 00:00:00', '0503314068', 'г. Вишгород, улица яблунева 167, дом', '', 0, 0, 1, '', 0),
(812, 1, 'Тищук', 'Татьяна', '', '', '', '', '0000-00-00 00:00:00', '0970002173', '', '', 0, 0, 1, '', 0),
(813, 1, 'Синозацкий', 'Михаил', '.', '', '', '', '0000-00-00 00:00:00', '0958682556, 0634495059', 'г. Сарны, отделение 2', '', 0, 0, 1, '', 0),
(814, 1, 'Светлана', 'Сопланко', '.', '', '', '', '0000-00-00 00:00:00', '0952589986', 'ул. Лауша Гавро 18а, кв.199, 1п, 5эт', '', 0, 0, 1, '', 0),
(815, 1, 'Фасовый', 'Олег', '', '', '', '', '0000-00-00 00:00:00', '0961198299', '', '', 0, 0, 1, '', 0),
(816, 1, 'Николюк', 'Михаил', '.', '', '', '', '0000-00-00 00:00:00', '0635841595', 'ул. Кирпы 2а, офис 616', '', 0, 0, 1, '', 0),
(817, 1, 'Марняло', 'Людмила', 'Николаевна', '', '', '', '0000-00-00 00:00:00', '0679146797', '', '', 0, 0, 1, '', 0),
(818, 1, 'Покаева', 'Анна', '.', '', '', '', '0000-00-00 00:00:00', '0951171843', 'ул. Коновальца 44а, кв.341, 2п, 25эт', '', 0, 0, 1, '', 0),
(819, 1, 'Макатович', 'Татьяна', '.', '', '', '', '0000-00-00 00:00:00', '0638795170', 'ул. О. Гончара 41, 4этаж', '', 0, 0, 1, '', 0),
(820, 1, 'Барах', 'Анастасия', '.', '', '', '', '0000-00-00 00:00:00', '0977788505', 'пр. Науки 42/1', '', 0, 0, 1, '', 0),
(821, 1, 'Пустовалова', 'Ольга', '.', '', '', '', '0000-00-00 00:00:00', '0959402805', '', '', 0, 0, 1, '', 0),
(822, 1, 'Береговой', 'Дмитрий', '.', '', '', '', '0000-00-00 00:00:00', '0684138988', 'ул. Строкача 7, тел. 0975877558', '', 0, 0, 1, '', 0),
(823, 1, 'Закревская', 'Татьяна', '.', '', '', '', '0000-00-00 00:00:00', '0937527010', '', '', 0, 0, 1, '', 0),
(824, 1, 'Буланов', 'Николай', '.', '', '', '', '0000-00-00 00:00:00', '0504649122', '', '', 0, 0, 1, '', 0),
(825, 1, 'Маркович', 'Анна', '.', '', '', '', '0000-00-00 00:00:00', '0676328591', 'ул. Канатная 126', '', 0, 0, 1, '', 0),
(826, 1, 'Шадрин', 'Евгений', '.', '', '', '', '0000-00-00 00:00:00', '0972527307', '', '', 0, 0, 1, '', 0),
(827, 1, 'Шабровец', 'Алексей', '.', '', '', '', '0000-00-00 00:00:00', '0970616380', '', '', 0, 0, 1, '', 0),
(828, 1, 'Іноземцев', 'Дмитро', '.', '', '', '', '0000-00-00 00:00:00', '0632413680', '', '', 0, 0, 1, '', 0),
(829, 1, 'Овдиенко', 'Владислав', '.', '', '', '', '0000-00-00 00:00:00', '0978040954', '', '', 0, 0, 1, '', 0),
(830, 1, 'Клиент', 'Александр', '.', '', '', '', '0000-00-00 00:00:00', '0662190935', '', '', 0, 0, 1, '', 0),
(831, 1, 'Шевченко', 'Александр', '.', '', '', '', '0000-00-00 00:00:00', '0934134183', '', '', 0, 0, 1, '', 0),
(832, 1, 'Кузненко', 'Владислав', '.', '', '', '', '0000-00-00 00:00:00', '0986050312', 'Улица Петра Вершигоры, 1, магазин коммисионной техники', '', 0, 0, 1, '', 0),
(833, 1, 'Бонкало', 'Роман', '.', '', '', '', '0000-00-00 00:00:00', '0669135570', '', '', 0, 0, 1, '', 0),
(834, 1, 'Бойко', 'Карина', '.', '', '', '', '0000-00-00 00:00:00', '0676798000', 'ул. Здолгуновская 7д, корпус Z, офис 206, 2й этаж', '', 0, 0, 1, '', 0),
(835, 1, 'Терещук', 'Елизавета', '.', '', '', '', '0000-00-00 00:00:00', '0504643261', '', '', 0, 0, 1, '', 0),
(836, 1, 'Головенко', 'Дарина', '.', '', '', '', '0000-00-00 00:00:00', '0933879350', 'улица Евгения Коновальца, 44,', '', 0, 0, 1, '', 0),
(837, 1, 'Бондаренко', 'Тарас', '.', '', '', '', '0000-00-00 00:00:00', '0931881480', 'ул.Героев Сталинграда 46 кафе ресторан', '', 0, 0, 1, '', 0),
(838, 1, 'Лебединец', 'Татьяна', '.', '', '', '', '0000-00-00 00:00:00', '0503771197', 'ул. Юрия Шумского 1б, кв. 101, 22этаж', '', 0, 0, 1, '', 0),
(839, 1, 'Лавриненко', 'Дмитрий', '.', '', '', '', '0000-00-00 00:00:00', '0967859312', 'ул. Елизаветы Чавдар 2, офис 200', '', 0, 0, 1, '', 0),
(840, 1, 'Мисягина', 'Вероника', 'Сергеевна', '', '', '', '0000-00-00 00:00:00', '0667960678', 'село Петропавловская борщаговка, ул. Соборная 2В', '', 0, 0, 1, '', 0),
(841, 1, 'Руда', 'Виктория', '.', '', '', '', '0000-00-00 00:00:00', '0967185747', 'ул. Бассейная 9, парикмахерская Бруно', '', 0, 0, 1, '', 0),
(842, 1, 'Тимощук', 'Мария', '.', '', '', '', '0000-00-00 00:00:00', '0687271103', '', '', 0, 0, 1, '', 0),
(843, 1, 'Возовик', 'Александр', '.', '', '', '', '0000-00-00 00:00:00', '0502141802', 'ул. Фурманова 1/7', '', 0, 0, 1, '', 0),
(844, 1, 'Дохленко', 'Ирина', '.', '', '', '', '0000-00-00 00:00:00', '0509675433', 'ул. Казимира-Малевича 86Е, 2п,  фирма Биотол', '', 0, 0, 1, '', 0),
(845, 1, 'Медведева', 'Оксана', '.', '', '', '', '0000-00-00 00:00:00', '0504694755', 'ул. Героев-Сталинграда 26А, кв.33, 8этаж', '', 0, 0, 1, '', 0),
(846, 1, 'Чаус', 'Андрей', '.', '', '', '', '0000-00-00 00:00:00', '0503661831', 'ул. Дорогожицкая 9, 8 этаж', '', 0, 0, 1, '', 0),
(847, 1, 'Литвин', 'Алексей', '', '', '', '', '0000-00-00 00:00:00', '0952866646', '', '', 0, 0, 1, '', 0),
(848, 1, 'Черная', 'Виктория', '.', '', '', '', '0000-00-00 00:00:00', '0669243462', 'ул. Мельникова 83Б', '', 0, 0, 1, '', 0),
(849, 1, 'Розумовский', 'Михаил', '.', '', '', '', '0000-00-00 00:00:00', '0933229699', 'г. Конотоп', '', 0, 0, 1, '', 0),
(850, 1, 'Тонкодуб', 'Тарас', '.', '', '', '', '0000-00-00 00:00:00', '0674655350', 'бульвар Луси Украинки 21, химчистка', '', 0, 0, 1, '', 0),
(851, 1, 'Ярына', 'Сергей', '.', '', '', '', '0000-00-00 00:00:00', '0673232246', 'ул. Воровского 51, кв.11, код 567', '', 0, 0, 1, '', 0),
(852, 1, 'Цуканов', 'Ярослав', '.', '', '', '', '0000-00-00 00:00:00', '0980606456', '', '', 0, 0, 1, '', 0),
(853, 1, 'Майский', 'Данил', '.', '', '', '', '0000-00-00 00:00:00', '0663274033', '', '', 0, 0, 1, '', 0),
(854, 1, 'Клюев', 'Вадим', '.', '', '', '', '0000-00-00 00:00:00', '0674443978', '', '', 0, 0, 1, '', 0),
(855, 1, 'Иванова', 'Светлана', '.', '', '', '', '0000-00-00 00:00:00', '0660456623', 'ул. Николая Гринченко 4', '', 0, 0, 1, '', 0),
(856, 1, 'Клямар', 'Галина', '.', '', '', '', '0000-00-00 00:00:00', '0987872464', 'ул. Невская 20', '', 0, 0, 1, '', 0),
(857, 1, 'Гончаренко', 'Анна', '.', '', '', '', '0000-00-00 00:00:00', '0504634707', '', '', 0, 0, 1, '', 0),
(858, 1, 'Ювко', 'Наталья', '.', '', '', '', '0000-00-00 00:00:00', '0679095437', 'пр. Бажана 12, кв. 31. 1п', '', 0, 0, 1, '', 0),
(859, 1, 'Краснопольский', 'Олег', '.', '', '', '', '0000-00-00 00:00:00', '0675053638', '', '', 0, 0, 1, '', 0),
(860, 1, 'Игнатенко', 'Олег', '.', '', '', '', '0000-00-00 00:00:00', '0666355032', '', '', 0, 0, 1, '', 0),
(861, 1, 'Минзер', 'Катерина', '.', '', '', '', '0000-00-00 00:00:00', '0966134435', 'пр. Победы 126', '', 0, 0, 1, '', 0),
(862, 1, 'Гордейчук', 'Валерий', '.', '', '', '', '0000-00-00 00:00:00', '0679547256', 'ул. Каховская 64', '', 0, 0, 1, '', 0),
(863, 1, 'Васильева', 'Дарья', '.', '', '', '', '0000-00-00 00:00:00', '0934497081', 'ул. Рижская 8а, БЦ Фарго', '', 0, 0, 1, '', 0),
(864, 1, 'Качуровская', 'Наталья', '.', '', '', '', '0000-00-00 00:00:00', '0976580937', 'ул. Кудрявская 23а', '', 0, 0, 1, '', 0),
(865, 1, 'Совонько', 'Людмила', 'Николаевна', '', '', '', '0000-00-00 00:00:00', '0502707686', '', '', 0, 0, 1, '', 0),
(866, 1, 'Павлюк', 'Алеся', '.', '', '', '', '0000-00-00 00:00:00', '0976253851', 'ул. Гоголевская 14', '', 0, 0, 1, '', 0),
(867, 1, 'Романюк', 'Наталья', 'Михайловна', '', '', '', '0000-00-00 00:00:00', '0972545103', 'г. Гайворон, ул. В. Стуса 3є', '', 0, 0, 1, '', 0),
(868, 1, 'Лыса', 'Лилит', '', '', '', '', '0000-00-00 00:00:00', '0937369555', '', '', 0, 0, 1, '', 0),
(869, 1, 'Захаревич', 'Ирина', '.', '', '', '', '0000-00-00 00:00:00', '0997390161', '', '', 0, 0, 1, '', 0),
(870, 1, 'Мандрик', 'Анастасия', '.', '', '', '', '0000-00-00 00:00:00', '0993469221', 'ул. Ярославская 56А', '', 0, 0, 1, '', 0),
(871, 1, 'Оклана', 'Оксана', '.', '', '', '', '0000-00-00 00:00:00', '0980926199', 'Ирпень', '', 0, 0, 1, '', 0),
(872, 1, 'Полюхович', 'Натальяч', '.', '', '', '', '0000-00-00 00:00:00', '0974371220', 'ул. М. Тимошенко 21, корпус 6, кв.12, 5этаж', '', 0, 0, 1, '', 0),
(873, 1, 'Прыс', 'Олег', 'Владимирович', '', '', '', '0000-00-00 00:00:00', '0505813605', 'ул. Вышгородская 21, КП "Киевская служба спасения"', '', 0, 0, 1, '', 0),
(874, 1, 'Журавская', 'Ирина', '.', '', '', '', '0000-00-00 00:00:00', '0503814217', 'ул. Большая Васильковская 9/2, п6, офис 68, Роде и Шварц', '', 0, 0, 1, '', 0),
(875, 1, 'Усатенко', 'Евгений', '.', '', '', '', '0000-00-00 00:00:00', '0674601515', '', '', 0, 0, 1, '', 0),
(876, 1, 'Дроздов', 'Григорий', '.', '', '', '', '0000-00-00 00:00:00', '0679306898', '', '', 0, 0, 1, '', 0),
(877, 1, 'Луговой', 'Артур', '.', '', '', '', '0000-00-00 00:00:00', '0991725000', '', '', 0, 0, 1, '', 0),
(878, 1, 'Кондротова', 'Ирина', '.', '', '', '', '0000-00-00 00:00:00', '0678273912', 'ул. Ярославская 56А, БЦ Каньон', '', 0, 0, 1, '', 0),
(879, 1, 'Мельничук', 'Ольга', '.', '', '', '', '0000-00-00 00:00:00', '0989292253', 'ул. Воздвиженская 41, офис 250, БЦ Артевилла', '', 0, 0, 1, '', 0),
(880, 1, 'Руденко', 'Дарья', '.', '', '', '', '0000-00-00 00:00:00', '0979758414', 'ул. вул. Велика Васильківська, 57/3, планетарий', '', 0, 0, 1, '', 0),
(881, 1, 'Биленко', 'Богдан', '.', '', '', '', '0000-00-00 00:00:00', '0636565650', '', '', 0, 0, 1, '', 0),
(882, 1, 'Кептя', 'Иван', '.', '', '', '', '0000-00-00 00:00:00', '0673754169', '', '', 0, 0, 1, '', 0),
(883, 1, 'Нерубенко', 'Инна', '.', '', '', '', '0000-00-00 00:00:00', '0979789090', 'ул. Новоконстантиновская 15/5', '', 0, 0, 1, '', 0),
(884, 1, 'Неля', 'Неля', '.', '', '', '', '0000-00-00 00:00:00', '0975308973', 'ул. Строителей 5а, КОЦЗ', '', 0, 0, 1, '', 0),
(885, 1, 'Юра9', 'Клиент', '.', '', '', '', '0000-00-00 00:00:00', '0674017582', '', '', 0, 0, 1, '', 0),
(886, 1, 'Вовк', 'Виктор', '.', '', '', '', '0000-00-00 00:00:00', '0967696752', 'ул. Стеценко 30', '', 0, 0, 1, '', 0),
(887, 1, 'Шумовская', 'Елена', '.', '', '', '', '0000-00-00 00:00:00', '0503139639', 'ул. Кондратюка 5, ЖК Министерский, отдал продаж', '', 0, 0, 1, '', 0),
(888, 1, 'Зайцев', 'Роман', '.', '', '', '', '0000-00-00 00:00:00', '0674494172', 'пр. Героев Сталинграда 4, корпус 8, магазин паркета', '', 0, 0, 1, '', 0),
(889, 1, 'Позняховский', 'Анатолий', 'Дмитрорович', '', '', '', '0000-00-00 00:00:00', '0673276939', '', '', 0, 0, 1, '', 0),
(890, 1, 'Игнатова', 'Наталья', '.', '', '', '', '0000-00-00 00:00:00', '0502222342', 'ул. Коноплянська 12', '', 0, 0, 1, '', 0),
(891, 1, 'Викторова', 'Ксения', '.', '', '', '', '0000-00-00 00:00:00', '0664232308', 'ул. Антоновича 172', '', 0, 0, 1, '', 0),
(892, 1, 'Кашуба', 'Артем', '.', '', '', '', '0000-00-00 00:00:00', '0963740255', '', '', 0, 0, 1, '', 0),
(893, 1, 'Ирина', 'Ирина', '', '', '', '', '0000-00-00 00:00:00', '0508490889', 'ул. Раисы Окипной 18, кв.109, 2п, 8эт', '', 0, 0, 1, '', 0),
(894, 1, 'Андрей', 'Андрей', '.', '', '', '', '0000-00-00 00:00:00', '0638506900', 'ул. Крещатик 15, кв.14, 2п', '', 0, 0, 1, '', 0),
(895, 1, 'Гаврищук', 'Наталья', '.', '', '', '', '0000-00-00 00:00:00', '0973279226', 'ул. Тургеневская 64/68', '', 0, 0, 1, '', 0),
(896, 1, 'Феник', 'Борис', '.', '', '', '', '0000-00-00 00:00:00', '0675009687', '', '', 0, 0, 1, '', 0),
(897, 1, 'Марчук', 'Роман', '.', '', '', '', '0000-00-00 00:00:00', '0951742089', 'ул. Декабристов 7, золота пидкова', '', 0, 0, 1, '', 0),
(898, 1, 'Зубрицкая', 'Елена', '.', '', '', '', '0000-00-00 00:00:00', '0673027255', '', '', 0, 0, 1, '', 0),
(899, 1, 'Шухман', 'Андрій', '.', '', '', '', '0000-00-00 00:00:00', '0503179323', '', '', 0, 0, 1, '', 0),
(900, 1, 'Комлева', 'Марьяна', '.', '', '', '', '0000-00-00 00:00:00', '0672869886', 'Улица Иоанна Павла ІІ, 21, офис 411, 4 поверх', '', 0, 0, 1, '', 0),
(901, 1, 'Курбет', 'Ирина', '.', '', '', '', '0000-00-00 00:00:00', '0672455826', 'ул. Семьи Хохловых 15, ДП  "Агентство з ідентифікації і реєстрації тварин"', '', 0, 0, 1, '', 0),
(902, 1, 'Бабич', 'Вячеслав', '.', '', '', '', '0000-00-00 00:00:00', '0667793811', 'ул. Большая Васильковская 28', '', 0, 0, 1, '', 0),
(903, 1, 'Полякова', 'Оксана', '.', '', '', '', '0000-00-00 00:00:00', '0938090124', 'ул. Старокиевскся 26', '', 0, 0, 1, '', 0),
(904, 1, 'Кошик', 'Сергей', '.', '', '', '', '0000-00-00 00:00:00', '0503310241', 'ул. Раисы Окипной 10Б, кв.44', '', 0, 0, 1, '', 0),
(905, 1, 'Горенко', 'Юрий', '', '', '', '', '0000-00-00 00:00:00', '0979125588', 'Лятошинского 14а кв 189 6п 3эт', '', 0, 0, 1, '', 0),
(906, 0, '--', 'Александра', '', '', '', '', '0000-00-00 00:00:00', '0637959817', '', '', 0, 0, 1, '', 0),
(907, 0, '--', 'Александра', '', '', '', '', '0000-00-00 00:00:00', '0637959817', '', '', 0, 0, 1, '', 0),
(908, 0, '--', 'Александра', '', '', '', '', '0000-00-00 00:00:00', '0637959817', '', '', 0, 0, 1, '', 0),
(909, 0, '--', 'Александра', '', '', '', '', '0000-00-00 00:00:00', '0637959817', '', '', 0, 0, 1, '', 0),
(910, 0, '--', 'Александра', '', '', '', '', '0000-00-00 00:00:00', '0637959817', '', '', 0, 0, 1, '', 0),
(911, 0, '--', 'Александра', '', '', '', '', '0000-00-00 00:00:00', '0637959817', '', '', 0, 0, 1, '', 0),
(912, 0, '--', 'Александра', '', '', '', '', '0000-00-00 00:00:00', '0637959817', '', '', 0, 0, 1, '', 0),
(913, 0, '--', 'Александра', '', '', '', '', '0000-00-00 00:00:00', '0637959817', '', '', 0, 0, 1, '', 0),
(914, 0, '--', 'Александра', '', '', '', '', '0000-00-00 00:00:00', '0637959817', '', '', 0, 0, 1, '', 0),
(915, 0, '--', 'Александра', '', '', '', '', '0000-00-00 00:00:00', '0637959817', '', '', 0, 0, 1, '', 0),
(916, 0, '--', 'Александра', '', '', '', '', '0000-00-00 00:00:00', '0637959817', '', '', 0, 0, 1, '', 0),
(917, 0, '--', 'Александра', '', '', '', '', '0000-00-00 00:00:00', '0637959817', '', '', 0, 0, 1, '', 0),
(918, 0, '--', 'Александра', '', '', '', '', '0000-00-00 00:00:00', '0637959817', '', '', 0, 0, 1, '', 0),
(919, 0, '--', 'Александра', '', '', '', '', '0000-00-00 00:00:00', '0637959817', '', '', 0, 0, 1, '', 0),
(920, 0, '--', 'Александра', '', '', '', '', '0000-00-00 00:00:00', '0637959817', '', '', 0, 0, 1, '', 0),
(921, 1, 'Александра', 'Александра', '', '', '', '', '0000-00-00 00:00:00', '0637959817', '', '', 0, 0, 1, '', 0),
(922, 1, 'Лемещук', 'Виолетта', '.', '', '', '', '0000-00-00 00:00:00', '0635056789', 'ул. Льва-Толстого 9А, офис 402', '', 0, 0, 1, '', 0),
(923, 1, 'Врублевская', 'Анна', 'Владимировна', '', '', '', '0000-00-00 00:00:00', '0674014673', 'ул. Амосова 4, кв.256, 5п, 13этаж', '', 0, 0, 1, '', 0),
(924, 1, 'Овраменко', 'Лилия', '', '', '', '', '0000-00-00 00:00:00', '0987179829', 'Волинская 65', '', 0, 0, 1, '', 0),
(925, 1, 'Брадлер', 'Марина', '.', '', '', '', '0000-00-00 00:00:00', '0506652674', 'ул. Шота Руставели 9а', '', 0, 0, 1, '', 0),
(926, 1, 'Дердачева', 'Алена', '.', '', '', '', '0000-00-00 00:00:00', '0504150555', 'ул. Артёма 50, офис 5Б', '', 0, 0, 1, '', 0),
(927, 1, 'Куленеко', 'Вячеслав', '.', '', '', '', '0000-00-00 00:00:00', '0503820262', '', '', 0, 0, 1, '', 0),
(928, 1, 'Конек', 'Ирина', '.', '', '', '', '0000-00-00 00:00:00', '0680988613', '', '', 0, 0, 1, '', 0),
(929, 1, 'Павленко', 'Любовь', '.', '', '', '', '0000-00-00 00:00:00', '0677486397', '', '', 0, 0, 1, '', 0),
(930, 1, 'Янюк', 'Павел', '.', '', '', '', '0000-00-00 00:00:00', '0674444200', '', '', 0, 0, 1, '', 0),
(931, 1, 'Безвершнюк', 'Александр', '', '', '', '', '0000-00-00 00:00:00', '0991551077', '', '', 0, 0, 1, '', 0),
(932, 1, 'Шевченко', 'Григорий', '.', '', '', '', '0000-00-00 00:00:00', '0504690803', '', '', 0, 0, 1, '', 0),
(933, 1, 'Олег', 'Михаил', '.', '', '', '', '0000-00-00 00:00:00', '0939083993', '', '', 0, 0, 1, '', 0),
(934, 1, 'Загребельный', 'Иван', 'Петрович', '', '', '', '0000-00-00 00:00:00', '0444681457', '', '', 0, 0, 1, '', 0),
(935, 1, 'Волкова', 'Татьяна', '.', '', '', '', '0000-00-00 00:00:00', '0679090101', 'бульвар Леси Украинки 7Б, корпус Б, кв.214, 19этаж', '', 0, 0, 1, '', 0),
(936, 1, 'Шалдепко', 'Тамара', '.', '', '', '', '0000-00-00 00:00:00', '0502114736', '', '', 0, 0, 1, '', 0),
(937, 1, 'Горилик', 'Виктория', '.', '', '', '', '0000-00-00 00:00:00', '0994988281', 'ул. Болсуновская 8', '', 0, 0, 1, '', 0),
(938, 1, 'Поддубная', 'Наталья', '.', '', '', '', '0000-00-00 00:00:00', '0952843235', 'пер. Ярославский 7/9 офис 11', '', 0, 0, 1, '', 0),
(939, 1, 'Бурченко', 'Владислав', '.', '', '', '', '0000-00-00 00:00:00', '0671991202', '', '', 0, 0, 1, '', 0),
(940, 1, 'Финишин', 'Александр', '.', '', '', '', '0000-00-00 00:00:00', '0976572826', '', '', 0, 0, 1, '', 0),
(941, 1, 'Гловацкая', 'Елена', '.', '', '', '', '0000-00-00 00:00:00', '0503857360', 'ул. Владимира Винниченко 20, кв.28', '', 0, 0, 1, '', 0),
(942, 1, 'Орлов', 'Сергей', '.', '', '', '', '0000-00-00 00:00:00', '0638729106', '', '', 0, 0, 1, '', 0),
(943, 1, 'Попов', 'Андрей', '.', '', '', '', '0000-00-00 00:00:00', '0672932255', 'ул. Никольско-Слободская 1А, корпус 2, кв.262, 23 этаж', '', 0, 0, 1, '', 0),
(944, 1, 'Наталья', 'Наталья', '.', '', '', '', '0000-00-00 00:00:00', '0683991615', 'Софиевская борщаговка, ул. Боголюбова 9. ЖК "Софиевская Слободка"', '', 0, 0, 1, '', 0),
(945, 1, 'Ладыгин', 'Александр', '.', '', '', '', '0000-00-00 00:00:00', '0673081415', '', '', 0, 0, 1, '', 0),
(946, 1, 'Голусь', 'Ирина', '.', '', '', '', '0000-00-00 00:00:00', '0632666116', '', '', 0, 0, 1, '', 0),
(947, 1, 'Москаленко', 'Григорий', 'Владимирович', '', '', '', '0000-00-00 00:00:00', '0672345844', 'ул. Кибальчича 1', '', 0, 0, 1, '', 0),
(948, 1, 'Дмитренко', 'Михаил', '.', '', '', '', '0000-00-00 00:00:00', '0503779655', 'пр. академика королева 13', '', 0, 0, 1, '', 0),
(949, 1, 'Дороженко', 'Людмила', '.', '', '', '', '0000-00-00 00:00:00', '0672490641', 'ул. Лейпцигская 15А', '', 0, 0, 1, '', 0),
(950, 1, 'Гончарук', 'Ирина', '.', '', '', '', '0000-00-00 00:00:00', '0638443027', 'переулок Радищева 2', '', 0, 0, 1, '', 0),
(951, 1, 'Кунценвская', 'Наталья', '.', '', '', '', '0000-00-00 00:00:00', '0504691747', 'пр. Голосеевский 58,', '', 0, 0, 1, '', 0),
(952, 1, 'Федоренко', 'Евгений', '.', '', '', '', '0000-00-00 00:00:00', '0672255604', 'ул. Викентия Хвойки 15/15', '', 0, 0, 1, '', 0),
(953, 1, 'Гулякина', 'Алина', '.', '', '', '', '0000-00-00 00:00:00', '0445013412', 'ул. Льва Толстого 39, тур фирма', '', 0, 0, 1, '', 0),
(954, 1, 'Ясинский', 'Анатолий', '.', '', '', '', '0000-00-00 00:00:00', '0675096585', '', '', 0, 0, 1, '', 0),
(955, 1, 'Гловцкий', 'Евгений', '.', '', '', '', '0000-00-00 00:00:00', '0676826479', '', '', 0, 0, 1, '', 0),
(956, 1, 'Надежда', 'Надежда', '', '', '', '', '0000-00-00 00:00:00', '0992338281', 'Васельковская 14 оф 310,фирма Юнивет', '', 0, 0, 1, '', 0),
(957, 1, 'Балабанов', 'Юрий', '.', '', '', '', '0000-00-00 00:00:00', '0672491845', '', '', 0, 0, 1, '', 0),
(958, 1, 'Чирва', 'Вадим', '.', '', '', '', '0000-00-00 00:00:00', '0980805006', '', '', 0, 0, 1, '', 0),
(959, 1, 'Боклагова', 'Анна', '.', '', '', '', '0000-00-00 00:00:00', '0933223398', 'ул. Тарасовская 4А, офис 1', '', 0, 0, 1, '', 0),
(960, 1, 'Сорока', 'Василий', '.', '', '', '', '0000-00-00 00:00:00', '0631443454', 'ул. Туровская 24', '', 0, 0, 1, '', 0),
(961, 1, 'Янів', 'Олег', 'Васильович', '', '', '', '0000-00-00 00:00:00', '0675143442', 'г. Одесса, отделение 3', '', 0, 0, 1, '', 0),
(962, 1, 'Хмелёв', 'Кирилл', '.', '', '', '', '0000-00-00 00:00:00', '0663651111', '', '', 0, 0, 1, '', 0),
(963, 1, 'Кузенко', 'Владимир', '.', '', '', '', '0000-00-00 00:00:00', '0672358585', 'ул. Московская 8, завод Арсенал', '', 0, 0, 1, '', 0),
(964, 1, 'Ваховський', 'Олександр', '.', '', '', '', '0000-00-00 00:00:00', '0964739402', '', '', 0, 0, 1, '', 0),
(965, 1, 'Скуратовский', 'Эдуард', '.', '', '', '', '0000-00-00 00:00:00', '0978870516', '', '', 0, 0, 1, '', 0),
(966, 1, 'Наунчук', 'Владимир', '.', '', '', '', '0000-00-00 00:00:00', '0674043505', '', '', 0, 0, 1, '', 0),
(967, 1, 'Волик', 'Максим', '.', '', '', '', '0000-00-00 00:00:00', '0633660608', 'ул. Чавдар 13, салон красоты', '', 0, 0, 1, '', 0),
(968, 1, 'Задворная', 'Валентина', '.', '', '', '', '0000-00-00 00:00:00', '0671630417', '', '', 0, 0, 1, '', 0),
(969, 1, 'Димиденко', 'Юрий', '.', '', '', '', '0000-00-00 00:00:00', '0632730562', '', '', 0, 0, 1, '', 0),
(970, 1, 'Жукович', 'Даниил', '.', '', '', '', '0000-00-00 00:00:00', '0974623696', '', '', 0, 0, 1, '', 0),
(971, 1, 'Аксанюк', 'Катерина', '.', '', '', '', '0000-00-00 00:00:00', '0636027676', 'ул. Ломоносова 37, общежитие', '', 0, 0, 1, '', 0),
(972, 1, 'Абросимов', 'Михаил', '.', '', '', '', '0000-00-00 00:00:00', '0506210340', '', '', 0, 0, 1, '', 0),
(973, 1, 'Литвинова', 'Ирина', '.', '', '', '', '0000-00-00 00:00:00', '0954587706', '', '', 0, 0, 1, '', 0),
(974, 1, 'Матлевский', 'Дмитрий', '.', '', '', '', '0000-00-00 00:00:00', '0685691131', 'вулиця Тетяни Яблонської, 24', '', 0, 0, 1, '', 0),
(975, 1, 'Вирченко', 'Людмила', '.', '', '', '', '0000-00-00 00:00:00', '0674466615', 'ул. Дегтяревская, 62, Верваг Фарма', '', 0, 0, 1, '', 0),
(976, 1, 'Гомонец', 'Анна', '.', '', '', '', '0000-00-00 00:00:00', '0668764232', '', '', 0, 0, 1, '', 0),
(977, 1, 'Будков', 'Александр', '.', '', '', '', '0000-00-00 00:00:00', '0989918180', 'ул. Подгорная 12, кв.53, 1п, 14 этаж', '', 0, 0, 1, '', 0),
(978, 1, 'Холявицкая', 'Татьяна', '.', '', '', '', '0000-00-00 00:00:00', '0977917797', 'ул. Героев Сталинграда 20А, кв.536, 13этаж, 9п', '', 0, 0, 1, '', 0),
(979, 1, 'Кваченюк', 'Катерина', '.', '', '', '', '0000-00-00 00:00:00', '0672583397', 'ул. Вышгородская 45а, кв.149, 22этаж, паркове мисто, вход возле магазина ровок', '', 0, 0, 1, '', 0),
(980, 1, 'Ковалевский', 'Виктор', '.', '', '', '', '0000-00-00 00:00:00', '0503312456', '', '', 0, 0, 1, '', 0),
(981, 1, 'Легкая', 'Валентина', '.', '', '', '', '0000-00-00 00:00:00', '0675370795', 'ул. Заводская 8', '', 0, 0, 1, '', 0),
(982, 1, 'Башко', 'Ирина', '.', '', '', '', '0000-00-00 00:00:00', '0638845771', 'ул. Бульвар Леси Украинки 27/2', '', 0, 0, 1, '', 0),
(983, 1, 'Синькевич', 'Александр', '.', '', '', '', '0000-00-00 00:00:00', '0677373793', '', '', 0, 0, 1, '', 0),
(984, 1, 'Циз', 'Светлана', '.', '', '', '', '0000-00-00 00:00:00', '0660668689', '', '', 0, 0, 1, '', 0),
(985, 1, 'Светайло', 'Татьяна', '.', '', '', '', '0000-00-00 00:00:00', '0632660345', 'ул. Героев Днепра 61, кв.92, 8этаж', '', 0, 0, 1, '', 0),
(986, 1, 'Шелар', 'Руслан', '.', '', '', '', '0000-00-00 00:00:00', '0930647113', '', '', 0, 0, 1, '', 0),
(987, 1, 'Папакина', 'Ольга', '.', '', '', '', '0000-00-00 00:00:00', '0987044155', '', '', 0, 0, 1, '', 0),
(988, 1, 'Перов', 'Антон', '.', '', '', '', '0000-00-00 00:00:00', '0660962773', 'ул. Ярославов Вал 23А', '', 0, 0, 1, '', 0),
(989, 1, 'Логач', 'Юлич', '.', '', '', '', '0000-00-00 00:00:00', '0957970893', 'ул. Северная 6, 2парадное, кв.49', '', 0, 0, 1, '', 0),
(990, 1, 'Мазепа', 'Виктория', '.', '', '', '', '0000-00-00 00:00:00', '0933031734', '', '', 0, 0, 1, '', 0),
(991, 1, 'Цапенко', 'Валерий', '.', '', '', '', '0000-00-00 00:00:00', '0973117151', '', '', 0, 0, 1, '', 0),
(992, 1, 'Татур', 'Маргарита', '.', '', '', '', '0000-00-00 00:00:00', '0684317587', 'ул. Ирининская 5/24 офис 94', '', 0, 0, 1, '', 0),
(993, 1, 'Пашкова', 'Оксана', '.', '', '', '', '0000-00-00 00:00:00', '0674459888', 'ул. Коперника 12Б, кв.16', '', 0, 0, 1, '', 0),
(994, 1, 'Бабицкий', 'Геннадий', '.', '', '', '', '0000-00-00 00:00:00', '0674015215', 'ул. златоустовская 50', '', 0, 0, 1, '', 0),
(995, 1, 'Ковбасюк', 'Александр', '.', '', '', '', '0000-00-00 00:00:00', '0503837165', '', '', 0, 0, 1, '', 0),
(996, 1, 'Золотоцкий', 'Михаил', '', '', '', '', '0000-00-00 00:00:00', '0500389082', '', '', 0, 0, 1, '', 0),
(997, 1, 'Мирочник', 'Вера', '.', '', '', '', '0000-00-00 00:00:00', '0674031143', '', '', 0, 0, 1, '', 0),
(998, 1, 'Бондаренко', 'Юлия', 'Александровна', '', '', '', '0000-00-00 00:00:00', '0504500611', 'ул. Воровского 33Б', '', 0, 0, 1, '', 0),
(999, 1, 'Дудык', 'Алина', '.', '', '', '', '0000-00-00 00:00:00', '0930672069', 'ул. Институтская 16, офис 61', '', 0, 0, 1, '', 0),
(1000, 1, 'Атанасова', 'Нана', '.', '', '', '', '0000-00-00 00:00:00', '0973676380', 'пр. Отрадный 10', '', 0, 0, 1, '', 0),
(1001, 1, 'Федоренко', 'Наталья', '', '', '', '', '0000-00-00 00:00:00', '0662916656', 'ул. Скляренка 5', '', 0, 0, 1, '', 0),
(1002, 1, 'Нехлопочина', 'Оксана', '.', '', '', '', '0000-00-00 00:00:00', '0954924013', 'ул. Гришка 8Б', '', 0, 0, 1, '', 0),
(1003, 1, 'Бенискул', 'Артур', '.', '', '', '', '0000-00-00 00:00:00', '0971001580', 'ул. Чигорина 18, офис 206', '', 0, 0, 1, '', 0),
(1004, 1, 'Фомина', 'Ирина', 'Александровна', '', '', '', '0000-00-00 00:00:00', '0678547227', 'ул. Комбинатная 25А', '', 0, 0, 1, '', 0),
(1005, 1, 'Белоусова', 'Татьяна', '.', '', '', '', '0000-00-00 00:00:00', '0672099991', 'ул.Коновальца 32В, кв.34, 8этаж', '', 0, 0, 1, '', 0),
(1006, 1, 'Балабан', 'Дмитрий', '.', '', '', '', '0000-00-00 00:00:00', '0506736383', '', '', 0, 0, 1, '', 0),
(1007, 1, 'Коломиец', 'Артем', '.', '', '', '', '0000-00-00 00:00:00', '0635341359', '', '', 0, 0, 1, '', 0),
(1008, 1, 'Блощаневич', 'Анна', '.', '', '', '', '0000-00-00 00:00:00', '0674593401', 'ул. Пушкинская 31а', '', 0, 0, 1, '', 0),
(1009, 1, 'Гуранчук', 'Галина', '.', '', '', '', '0000-00-00 00:00:00', '0956985439', 'ул. анри барбюса 37/1', '', 0, 0, 1, '', 0),
(1010, 1, 'Рафина', 'Ирина', 'Феликсовна', '', '', '', '0000-00-00 00:00:00', '0674671617', 'ул. Киквидзе 1/2', '', 0, 0, 1, '', 0),
(1011, 1, 'Плискань', 'Олег', '.', '', '', '', '0000-00-00 00:00:00', '0672610042', 'ул. Механизаторов 3', '', 0, 0, 1, '', 0),
(1012, 1, 'Перейра', 'Дмитрий', '.', '', '', '', '0000-00-00 00:00:00', '0632273021', '', '', 0, 0, 1, '', 0),
(1013, 1, 'Бондаренко', 'Татьяна', '.', '', '', '', '0000-00-00 00:00:00', '0976827507', 'ул. Оболонская 29', '', 0, 0, 1, '', 0),
(1014, 1, 'Виктор', 'Виктор', '.', '', '', '', '0000-00-00 00:00:00', '0677709500', 'ул. Радунская 3', '', 0, 0, 1, '', 0),
(1015, 1, 'Гарина', 'Алеся', '.', '', '', '', '0000-00-00 00:00:00', '0984575712', 'Вишеньки, Бориспільський район, Коттеджный городок Золоче', '', 0, 0, 1, '', 0),
(1016, 1, 'Вакуленко', 'Анна', '.', '', '', '', '0000-00-00 00:00:00', '0935675849', '', '', 0, 0, 1, '', 0),
(1017, 1, 'Кубарский', 'Андрей', 'Иванович', '', '', '', '0000-00-00 00:00:00', '0679692105', 'ул. Тростянецка 3, кв.176, п.4, 13эт', '', 0, 0, 1, '', 0),
(1018, 1, 'Агалакова', 'Светлана', '.', '', '', '', '0000-00-00 00:00:00', '0971879109', 'ул. Новоконстантиновска 1В, 3й этаж', '', 0, 0, 1, '', 0),
(1019, 1, 'Диденко', 'Дмитрий', '.', '', '', '', '0000-00-00 00:00:00', '0504421768', 'ул. Сикорского 4, Посольство США', '', 0, 0, 1, '', 0),
(1020, 1, 'Корецкая', 'Виктория', '.', '', '', '', '0000-00-00 00:00:00', '0980577245', 'ул. набережно-печерская дорога 1, выдубичи', '', 0, 0, 1, '', 0),
(1021, 1, 'Столярчук', 'Андрей', '.', '', '', '', '0000-00-00 00:00:00', '0634647031', '', '', 0, 0, 1, '', 0),
(1022, 1, 'Нюня', 'Владислав', '.', '', '', '', '0000-00-00 00:00:00', '0939034137', '', '', 0, 0, 1, '', 0),
(1023, 1, 'Крикун', 'Вячеслав', '.', '', '', '', '0000-00-00 00:00:00', '0955393238', '', '', 0, 0, 1, '', 0),
(1024, 1, 'Синяков', 'Владимир', '.', '', '', '', '0000-00-00 00:00:00', '0950819005', '', '', 0, 0, 1, '', 0),
(1025, 1, 'Тарасова', 'Оксана', '.', '', '', '', '0000-00-00 00:00:00', '0976839236', 'ул. Героев Днепра 31а, парикмахерская', '', 0, 0, 1, '', 0),
(1026, 1, 'Громова', 'Наталья', 'Николавна', '', '', '', '0000-00-00 00:00:00', '0674422672', 'проспект Королева 2В', '', 0, 0, 1, '', 0),
(1027, 1, 'Клиент', 'Александр', '.', '', '', '', '0000-00-00 00:00:00', '0732156222', '', '', 0, 0, 1, '', 0),
(1028, 1, 'Гулич', 'Сергей', '', '', '', '', '0000-00-00 00:00:00', '0955508998', '', '', 0, 0, 1, '', 0),
(1029, 1, 'Клиент', 'Ольга', '.', '', '', '', '0000-00-00 00:00:00', '0505697427', 'соседи, салон бальных костюмов', '', 0, 0, 1, '', 0),
(1030, 1, 'Василенко', 'Юрий', '.', '', '', '', '0000-00-00 00:00:00', '0674055313', '', '', 0, 0, 1, '', 0),
(1031, 1, 'Бабенко', 'Юлия', '.', '', '', '', '0000-00-00 00:00:00', '0967680938', 'Ул. Соломенская 15А, кв.105', '', 0, 0, 1, '', 0),
(1032, 1, 'Рыбак', 'Геннадий', '.', '', '', '', '0000-00-00 00:00:00', '0674340088', '', '', 0, 0, 1, '', 0),
(1033, 1, 'Тарасенко', 'Виктор', '.', '', '', '', '0000-00-00 00:00:00', '0965783055', '', '', 0, 0, 1, '', 0),
(1034, 1, 'Николюк', 'Николай', '.', '', '', '', '0000-00-00 00:00:00', '0503563490', 'ул. Анны Ахматовой 16А, офис 19', '', 0, 0, 1, '', 0),
(1035, 1, 'Станиславская', 'Светлана', '.', '', '', '', '0000-00-00 00:00:00', '0674302574', 'ул. Верхняя 5, каб. 525, 5й этаж', '', 0, 0, 1, '', 0),
(1036, 1, 'Янюк', 'Павел', '.', '', '', '', '0000-00-00 00:00:00', '0674444200', '', '', 0, 0, 1, '', 0),
(1037, 1, 'Ковальчук', 'Владимир', '.', '', '', '', '0000-00-00 00:00:00', '0972252365', '', '', 0, 0, 1, '', 0),
(1038, 1, 'Довголюк', 'Владимир', '.', '', '', '', '0000-00-00 00:00:00', '0936966333', '', '', 0, 0, 1, '', 0),
(1039, 1, 'Полторацкий', 'Александр', '.', '', '', '', '0000-00-00 00:00:00', '0969342614', '', '', 0, 0, 1, '', 0),
(1040, 1, 'Захаревич', 'Николай', 'Анатолиевич', '', '', '', '0000-00-00 00:00:00', '0974936581', '', '', 0, 0, 1, '', 0),
(1041, 1, 'Деткович', 'Константин', 'Николаевич', '', '', '', '0000-00-00 00:00:00', '0674431907', '', '', 0, 0, 1, '', 0),
(1042, 1, 'Фарбун', 'Илья', '.', '', '', '', '0000-00-00 00:00:00', '0632813230', 'ул. Воздвиженская 22', '', 0, 0, 1, '', 0),
(1043, 1, 'Романов', 'Роман', '.', '', '', '', '0000-00-00 00:00:00', '0963911122', 'ул. Радунская 30, кв.145, 15этаж', '', 0, 0, 1, '', 0),
(1044, 1, 'Приходченко', 'Виктория', '.', '', '', '', '0000-00-00 00:00:00', '0967387320', '', '', 0, 0, 1, '', 0),
(1045, 1, 'Жукова', 'Анастасия', '.', '', '', '', '0000-00-00 00:00:00', '0506705333', 'ул. Саксаганского 120', '', 0, 0, 1, '', 0),
(1046, 1, 'Некрасова', 'Алина', '.', '', '', '', '0000-00-00 00:00:00', '0683304922', 'ул. Градинская 18, кв.133', '', 0, 0, 1, '', 0),
(1047, 1, 'Горшова', 'Юлия', '.', '', '', '', '0000-00-00 00:00:00', '0676362707', 'ул. Регенераторная 4, корпус 2, кв.470, 4 этаж, 13 парадное', '', 0, 0, 1, '', 0),
(1048, 1, 'Моцар', 'Петр', '.', '', '', '', '0000-00-00 00:00:00', '0672900361', 'ул. Вышгородская 45/2 кв.15', '', 0, 0, 1, '', 0),
(1049, 1, 'Алистратова', 'Анна', '.', '', '', '', '0000-00-00 00:00:00', '0951317400', '', '', 0, 0, 1, '', 0),
(1050, 1, 'Харченко', 'Игорь', '.', '', '', '', '0000-00-00 00:00:00', '0675013714', 'ул. Мельникова 48, спорткомплекс', '', 0, 0, 1, '', 0),
(1051, 1, 'Клиент', 'Валентина', '.', '', '', '', '0000-00-00 00:00:00', '0632752297', 'ул. Кудрявский спуск 3Б', '', 0, 0, 1, '', 0),
(1052, 1, 'Тимошок', 'Станислав', '.', '', '', '', '0000-00-00 00:00:00', '0992310662', '', '', 0, 0, 1, '', 0),
(1053, 0, 'Бабицкий', 'Геннадий', '.', '', '', '', '0000-00-00 00:00:00', '0674015215', '', '', 0, 0, 1, '', 0),
(1054, 0, 'Бабицкий', 'Геннадий', '.', '', '', '', '0000-00-00 00:00:00', '0674015215', '', '', 0, 0, 1, '', 0),
(1055, 0, 'Бабицкий', 'Геннадий', '.', '', '', '', '0000-00-00 00:00:00', '0674015215', '', '', 0, 0, 1, '', 0),
(1056, 0, 'Бабицкий', 'Геннадий', '.', '', '', '', '0000-00-00 00:00:00', '0674015215', '', '', 0, 0, 1, '', 0),
(1057, 0, 'Бабицкий', 'Геннадий', '.', '', '', '', '0000-00-00 00:00:00', '0674015215', '', '', 0, 0, 1, '', 0),
(1058, 0, 'Бабицкий', 'Геннадий', '.', '', '', '', '0000-00-00 00:00:00', '0674015215', '', '', 0, 0, 1, '', 0),
(1059, 0, 'Бабицкий', 'Геннадий', '.', '', '', '', '0000-00-00 00:00:00', '0674015215', '', '', 0, 0, 1, '', 0),
(1060, 1, 'Бабицкий', 'Геннадий', '.', '', '', '', '0000-00-00 00:00:00', '0674015215', '', '', 0, 0, 1, '', 0),
(1061, 1, 'Панова', 'Анастасия', '.', '', '', '', '0000-00-00 00:00:00', '0672257085', 'ул. Кудряшова 18А', '', 0, 0, 1, '', 0),
(1062, 1, 'Денисенко', 'Светлана', 'Валентиновна', '', '', '', '0000-00-00 00:00:00', '0730442585', '', '', 0, 0, 1, '', 0),
(1063, 1, 'Ковальчук', 'Катерина', '.', '', '', '', '0000-00-00 00:00:00', '0984150332', 'ул. Тростянецка 7в, кв.81, 1п, 11этаж', '', 0, 0, 1, '', 0),
(1064, 1, 'Максименко', 'Виталий', '.', '', '', '', '0000-00-00 00:00:00', '0935516393', 'ул. Межигорская 8', '', 0, 0, 1, '', 0),
(1065, 1, 'Плотникова', 'Ирина', '.', '', '', '', '0000-00-00 00:00:00', '0985514771', 'ул. Ямская 35', '', 0, 0, 1, '', 0),
(1066, 1, 'Строкова', 'Анна', '.', '', '', '', '0000-00-00 00:00:00', '0972916071', '', '', 0, 0, 1, '', 0),
(1067, 1, 'Прокуда', 'Алексей', '.', '', '', '', '0000-00-00 00:00:00', '0934982376', '', '', 0, 0, 1, '', 0),
(1068, 1, 'Куликовский', 'Андрей', '.', '', '', '', '0000-00-00 00:00:00', '0503307285', '', '', 0, 0, 1, '', 0),
(1069, 1, 'Янас', 'Мухаббат', '.', '', '', '', '0000-00-00 00:00:00', '0503586699', '', '', 0, 0, 1, '', 0),
(1070, 1, 'Тетяноха', 'Алеся', '', '', '', '', '0000-00-00 00:00:00', '0635901157', '', '', 0, 0, 1, '', 0),
(1071, 1, 'Мушинский', 'Валерий', '.', '', '', '', '0000-00-00 00:00:00', '0680444305', '', '', 0, 0, 1, '', 0),
(1072, 1, 'Старчик', 'Анатолий', '.', '', '', '', '0000-00-00 00:00:00', '0503518263', '', '', 0, 0, 1, '', 0),
(1073, 1, 'Солодовиченко', 'Александр', 'Сергеевич', '', '', '', '0000-00-00 00:00:00', '0992317270', 'ул. Декабристов 12А, интернет центр', '', 0, 0, 1, '', 0),
(1074, 1, 'Синицкий', 'Леонид', '.', '', '', '', '0000-00-00 00:00:00', '0961252612', 'ул. Дарницкий Бульвар 10А, офис 3', '', 0, 0, 1, '', 0),
(1075, 1, 'Евсюкова', 'Анастасия', '.', '', '', '', '0000-00-00 00:00:00', '0994391404', 'ул. Панельная 5, 3 этаж', '', 0, 0, 1, '', 0),
(1076, 1, 'Шаповал', 'Григорий', '.', '', '', '', '0000-00-00 00:00:00', '0674667999', '', '', 0, 0, 1, '', 0),
(1077, 1, 'Задворный', 'Валерий', '.', '', '', '', '0000-00-00 00:00:00', '0678803535', '', '', 0, 0, 1, '', 0),
(1078, 1, 'Кузьменко', 'Татьяна', '.', '', '', '', '0000-00-00 00:00:00', '0992084329', 'ул. В. Гетьмана 1Б', '', 0, 0, 1, '', 0),
(1079, 1, 'Рыжова', 'София', '.', '', '', '', '0000-00-00 00:00:00', '0938711337', '', '', 0, 0, 1, '', 0),
(1080, 1, 'Сосницкая', 'Антонина', '.', '', '', '', '0000-00-00 00:00:00', '0683564909', 'ул. Народного Ополчения 3, ДП &quot;Центр Державного Земельного Кадастру ДП При Держкомземі України&quot;', '', 0, 0, 1, '', 0),
(1081, 1, 'Дятел', 'Константин', '.', '', '', '', '0000-00-00 00:00:00', '0636753471', '', '', 0, 0, 1, '', 0),
(1082, 1, 'Ломова', 'Светлана', '.', '', '', '', '0000-00-00 00:00:00', '0507585542', 'ул. Кловский спуск 7а, 9 этаж', '', 0, 0, 1, '', 0),
(1083, 1, 'Клиент', 'Олег', '.', '', '', '', '0000-00-00 00:00:00', '0674429151', 'ул. Марии Заньковецкой 5/2, кв.52', '', 0, 0, 1, '', 0),
(1084, 1, 'Самойлов', 'Игорь', '.', '', '', '', '0000-00-00 00:00:00', '0503300335', '', '', 0, 0, 1, '', 0),
(1085, 1, 'Ятель', 'Евгений', '.', '', '', '', '0000-00-00 00:00:00', '0974073433', '', '', 0, 0, 1, '', 0),
(1086, 1, 'Святенька', 'Людмила', '.', '', '', '', '0000-00-00 00:00:00', '0979489201', 'Спортивная площадь 3', '', 0, 0, 1, '', 0),
(1087, 1, 'Гаркуша', 'Инна', '.', '', '', '', '0000-00-00 00:00:00', '0971734741', 'Сурикова 3, НАБУ', '', 0, 0, 1, '', 0),
(1088, 1, 'Тохтаноева', 'Алтыной', '.', '', '', '', '0000-00-00 00:00:00', '0738263015', 'ул. Чигорина 18', '', 0, 0, 1, '', 0),
(1089, 1, 'Левченко', 'Сергей', 'Николаевич', '', '', '', '0000-00-00 00:00:00', '0674529089', 'Бул. Леси Украинки 30В, Укрбудинвест банк', '', 0, 0, 1, '', 0),
(1090, 0, 'клиент', 'клиент', '', '', '', '', '0000-00-00 00:00:00', '0967386654', 'Туполева 24 парадный 2', '', 0, 0, 1, '', 0),
(1091, 0, 'клиент', 'клиент', '', '', '', '', '0000-00-00 00:00:00', '0967386654', 'Туполева 24 парадный 2', '', 0, 0, 1, '', 0),
(1092, 0, 'клиент', 'клиент', '', '', '', '', '0000-00-00 00:00:00', '0967386654', 'Туполева 24 парадный 2', '', 0, 0, 1, '', 0),
(1093, 0, 'клиент', 'клиент', '', '', '', '', '0000-00-00 00:00:00', '0967386654', 'Туполева 24 парадный 2', '', 0, 0, 1, '', 0),
(1094, 0, 'клиент', 'клиент', '', '', '', '', '0000-00-00 00:00:00', '0967386654', 'Туполева 24 парадный 2', '', 0, 0, 1, '', 0),
(1095, 0, 'клиент', 'клиент', '', '', '', '', '0000-00-00 00:00:00', '0967386654', 'Туполева 24 парадный 2', '', 0, 0, 1, '', 0),
(1096, 0, 'клиент', 'клиент', '', '', '', '', '0000-00-00 00:00:00', '0967386654', 'Туполева 24 парадный 2', '', 0, 0, 1, '', 0),
(1097, 0, 'клиент', 'клиент', '', '', '', '', '0000-00-00 00:00:00', '0967386654', 'Туполева 24 парадный 2', '', 0, 0, 1, '', 0),
(1098, 0, 'клиент', 'клиент', '', '', '', '', '0000-00-00 00:00:00', '0967386654', 'Туполева 24 парадный 2', '', 0, 0, 1, '', 0),
(1099, 1, 'клиент', 'клиетн', '', '', '', '', '0000-00-00 00:00:00', '0967386654', 'Туполева 24  п.2', '', 0, 0, 1, '', 0),
(1100, 1, 'Бойко', 'Андрей', '', '', '', '', '0000-00-00 00:00:00', '0954242833', '', '', 0, 0, 1, '', 0),
(1101, 1, 'Кириченко', 'Александра', '.', '', '', '', '0000-00-00 00:00:00', '0444409043', '', '', 0, 0, 1, '', 0),
(1102, 1, 'Загария', 'Анна', '.', '', '', '', '0000-00-00 00:00:00', '0971302908', 'ул. Воздвиженская 10Б', '', 0, 0, 1, '', 0),
(1103, 1, 'Яковец', 'Сергей', '.', '', '', '', '0000-00-00 00:00:00', '0675005323', '', '', 0, 0, 1, '', 0),
(1104, 1, '-', 'Виталик', '', '', '', '', '0000-00-00 00:00:00', '0953400777', '', '', 0, 0, 1, '', 0),
(1105, 1, 'Попов', 'Константин', '', '', '', '', '0000-00-00 00:00:00', '0957230983', '', '', 0, 0, 1, '', 0),
(1106, 1, '--', 'Евгений', '', '', '', '', '0000-00-00 00:00:00', '0674052142', '', '', 0, 0, 1, '', 0),
(1107, 1, 'Павленко', 'Виталий', '', '', '', '', '0000-00-00 00:00:00', '0985369344', '', '', 0, 0, 1, '', 0),
(1108, 1, 'Гнатенко', 'Сергей', '', '', '', '', '0000-00-00 00:00:00', '0939897465', '', '', 0, 0, 1, '', 0),
(1109, 1, 'Зарудна', 'Тетяна', '.', '', '', '', '0000-00-00 00:00:00', '0954392067', '', '', 0, 0, 1, '', 0),
(1110, 1, 'Караванский', 'Игорь', '.', '', '', '', '0000-00-00 00:00:00', '0676256049', 'ул. Большая Васильковская 72', '', 0, 0, 1, '', 0),
(1111, 1, 'Осипов', 'Виталий', '.', '', '', '', '0000-00-00 00:00:00', '0634593359', 'ул. Крайняя 13', '', 0, 0, 1, '', 0),
(1112, 1, 'Чистова', 'Татьяна', '.', '', '', '', '0000-00-00 00:00:00', '0660369221', '', '', 0, 0, 1, '', 0),
(1113, 1, 'Гузык', 'Оксана', '.', '', '', '', '0000-00-00 00:00:00', '0672789352', 'село Юровка,Киево-Святошинский район, Коттеджный городок Green Hills, отдел продаж', '', 0, 0, 1, '', 0),
(1114, 1, 'Марченко', 'Андрей', '.', '', '', '', '0000-00-00 00:00:00', '0965017290', 'Ул. Академика Вильямса 5, Теремки 2', '', 0, 0, 1, '', 0),
(1115, 1, 'Шимко', 'Дарина', '.', '', '', '', '0000-00-00 00:00:00', '0952715727', 'ул. Бориспольская 11, ДАРНИЦКИЙ ЗАВОД ЖБК', '', 0, 0, 1, '', 0),
(1116, 1, 'Оспощева', 'Юлия', '.', '', '', '', '0000-00-00 00:00:00', '0672188882', 'ул. Владимирская 24А, офис 49', '', 0, 0, 1, '', 0),
(1117, 1, 'Адгорян', 'Александр', '.', '', '', '', '0000-00-00 00:00:00', '0987242743', 'ул. Автозаводская 54/19', '', 0, 0, 1, '', 0),
(1118, 1, 'Похетун', 'Жанна', '.', '', '', '', '0000-00-00 00:00:00', '0955651940', 'ул. Московская 8, корпус 30', '', 0, 0, 1, '', 0),
(1119, 1, 'Буюрган', 'Татьяна', '.', '', '', '', '0000-00-00 00:00:00', '0675063778', 'ул. Ямская 72, офис 309', '', 0, 0, 1, '', 0),
(1120, 1, 'Генсицкий', 'Евгений', '.', '', '', '', '0000-00-00 00:00:00', '0674669758', '', '', 0, 0, 1, '', 0),
(1121, 1, 'Емельянова', 'Ольга', '.', '', '', '', '0000-00-00 00:00:00', '0972216006', '', '', 0, 0, 1, '', 0),
(1122, 1, 'Никоноров', 'Влад', '.', '', '', '', '0000-00-00 00:00:00', '0677935481', '', '', 0, 0, 1, '', 0),
(1123, 1, 'Воронов', 'Святослав', '.', '', '', '', '0000-00-00 00:00:00', '0688525800', 'ул. генерала Наумова 33', '', 0, 0, 1, '', 0),
(1124, 1, 'Воробец', 'Влад', '.', '', '', '', '0000-00-00 00:00:00', '0964475544', 'ул. Столичное шосе 100, БЦ &quot;Форум Терминал&quot;, офис 1-103', '', 0, 0, 1, '', 0),
(1125, 1, 'Мозговая', 'Анна', '.', '', '', '', '0000-00-00 00:00:00', '0971561874', 'ул. Семьи Кульженко (Дегтяренко Петра) 35', '', 0, 0, 1, '', 0),
(1126, 1, 'Андросенко', 'Оксана', '.', '', '', '', '0000-00-00 00:00:00', '0975032590', 'ул. Кириловская 33', '', 0, 0, 1, '', 0),
(1127, 1, 'Новоков', 'Владимир', '.', '', '', '', '0000-00-00 00:00:00', '0503680338', 'ул. Щорса 32Г', '', 0, 0, 1, '', 0),
(1128, 1, 'Скакунов', 'Владимир', '.', '', '', '', '0000-00-00 00:00:00', '0972609188', 'ул. Челябинская 9, кв.93', '', 0, 0, 1, '', 0),
(1129, 1, 'Масловская', 'Анна', 'Анатольевна', '', '', '', '0000-00-00 00:00:00', '0674026191', 'пгт. Гостомель, фирма Фарбия', '', 0, 0, 1, '', 0),
(1130, 1, 'Зайцева', 'Елена', '.', '', '', '', '0000-00-00 00:00:00', '0962707978', '', '', 0, 0, 1, '', 0),
(1131, 1, 'Герасимовский', 'Александр', '.', '', '', '', '0000-00-00 00:00:00', '0674999563', 'ул. Сырецкая 9, корпус 1, офис 222', '', 0, 0, 1, '', 0),
(1132, 1, 'Спивак', 'Юлия', '.', '', '', '', '0000-00-00 00:00:00', '0674280550', '', '', 0, 0, 1, '', 0),
(1133, 1, 'Рудько', 'Владимир', '.', '', '', '', '0000-00-00 00:00:00', '0504413301', '', '', 0, 0, 1, '', 0),
(1134, 1, 'Войналович', 'Инна', '.', '', '', '', '0000-00-00 00:00:00', '0937753249', 'ул. Антоновича 81, БЦ Торонто 8 этаж', '', 0, 0, 1, '', 0),
(1135, 1, 'Баранюк', 'Алина', '.', '', '', '', '0000-00-00 00:00:00', '0958618641', 'ул. Академика Вильямса 4', '', 0, 0, 1, '', 0),
(1136, 1, 'Никушина', 'Валерия', '.', '', '', '', '0000-00-00 00:00:00', '0638746787', '', '', 0, 0, 1, '', 0),
(1137, 1, 'Товстоноженко', 'Юрий', '.', '', '', '', '0000-00-00 00:00:00', '0671152593', '', '', 0, 0, 1, '', 0),
(1138, 1, 'Ляшенко', 'Светлана', '.', '', '', '', '0000-00-00 00:00:00', '0505567690', '', '', 0, 0, 1, '', 0),
(1139, 0, 'Григоренко', 'Руслан', '.', '', '', '', '0000-00-00 00:00:00', '0679122757', '', '', 0, 0, 1, '', 0),
(1140, 0, 'Григоренко', 'Руслан', '.', '', '', '', '0000-00-00 00:00:00', '0679122757', '', '', 0, 0, 1, '', 0),
(1141, 0, 'Григоренко', 'Руслан', '.', '', '', '', '0000-00-00 00:00:00', '0679122757', '', '', 0, 0, 1, '', 0),
(1142, 1, 'Григоренко', 'Руслан', '.', '', '', '', '0000-00-00 00:00:00', '0679122757', '', '', 0, 0, 1, '', 0),
(1143, 1, 'Дворяк', 'Павло', 'Петрович', '', '', '', '0000-00-00 00:00:00', '0980913387', '', '', 0, 0, 1, '', 0),
(1144, 1, 'Булоус', 'Владимир', '', '', '', '', '0000-00-00 00:00:00', '0503270023', '', '', 0, 0, 1, '', 0),
(1145, 1, 'Єгунова', 'Светлана', '.', '', '', '', '0000-00-00 00:00:00', '0681277127', 'ул.Гната Юры 7Д, кофе-точка в ТЦ "Дитяча Країна"', '', 0, 0, 1, '', 0),
(1146, 1, 'Ливый', 'Александр', 'Иванович', '', '', '', '0000-00-00 00:00:00', '0672386158', 'ул. О.Телиги 31/1', '', 0, 0, 1, '', 0),
(1147, 1, 'Добровольский', 'Максим', '.', '', '', '', '0000-00-00 00:00:00', '0634615341', 'ул. Степана Бандеры 9, БЦ Форум плаза, корпус 3, офис 3-503', '', 0, 0, 1, '', 0),
(1148, 1, 'Башко', 'Наталья', '.', '', '', '', '0000-00-00 00:00:00', '0503832313', 'ул. Алексухина 10', '', 0, 0, 1, '', 0),
(1149, 1, 'Осьмак', 'Александр', '.', '', '', '', '0000-00-00 00:00:00', '0996096716', '', '', 0, 0, 1, '', 0),
(1150, 1, 'Быкова', 'Екатерина', '.', '', '', '', '0000-00-00 00:00:00', '0675022933', 'вулиця В\\''ячеслава Липинського, 8 (бывшая Чапаева)', '', 0, 0, 1, '', 0),
(1151, 1, 'Марьянчук', 'Валерий', '.', '', '', '', '0000-00-00 00:00:00', '0971011626', 'пр-кт Повітрофлотський, 6, Міністерство оборони України', '', 0, 0, 1, '', 0),
(1152, 1, 'Смулянский', 'Александр', '.', '', '', '', '0000-00-00 00:00:00', '0672399701', '', '', 0, 0, 1, '', 0),
(1153, 1, 'Шерстюк', 'Константин', '.', '', '', '', '0000-00-00 00:00:00', '0503039871', '', '', 0, 0, 1, '', 0),
(1154, 1, 'Копейкина', 'Катерина', '.', '', '', '', '0000-00-00 00:00:00', '0994949290', '', '', 0, 0, 1, '', 0),
(1155, 1, 'Миненко', 'Юлия', '.', '', '', '', '0000-00-00 00:00:00', '0970000717', 'ул. Вышгородская 45А, салон красоты Бархат Бьюти', '', 0, 0, 1, '', 0),
(1156, 1, 'Митько', 'Алла', '.', '', '', '', '0000-00-00 00:00:00', '0503023737', 'ул. Старонаводницкая, 29, клиника Евродерм', '', 0, 0, 1, '', 0),
(1157, 1, '-', 'Наталья', '.', '', '', '', '0000-00-00 00:00:00', '0503848029', 'ул. Березняковская 29', '', 0, 0, 1, '', 0),
(1158, 1, 'Авраменко', 'Лилия', '.', '', '', '', '0000-00-00 00:00:00', '0987179829', '', '', 0, 0, 1, '', 0),
(1159, 1, 'Береговой', 'Дмитрий', '.', '', '', '.', '0000-00-00 00:00:00', '0684138988', 'ул. Паладина 24, переход м.академ', '', 0, 0, 1, '', 0),
(1160, 1, 'Омельченко', 'Михаил', '.', '', '', '', '0000-00-00 00:00:00', '0506701525', '', '', 0, 0, 1, '', 0),
(1161, 1, 'Миронова', 'Дана', '.', '', '', '', '0000-00-00 00:00:00', '0503512572', '', '', 0, 0, 1, '', 0),
(1162, 1, 'Сафарова', 'Гюнай', '.', '', '', '', '0000-00-00 00:00:00', '0673882222', 'бульвар Леси Украинки 23', '', 0, 0, 1, '', 0),
(1163, 1, 'Микитенко', 'Александр', 'Петрович', '', '', '', '0000-00-00 00:00:00', '0731586632', '', '', 0, 0, 1, '', 0),
(1164, 1, 'Райцина', 'Елизавета', '.', '', '', '', '0000-00-00 00:00:00', '0636650081', 'улица Омельяновича-Павленко (Суворова) 17а, кв.2', '', 0, 0, 1, '', 0),
(1165, 1, 'Сорока', 'Людмила', '.', '', '', '', '0000-00-00 00:00:00', '0973390140', '', '', 0, 0, 1, '', 0),
(1166, 1, 'Кебас', 'Лесь', '.', '', '', '', '0000-00-00 00:00:00', '0674014066', '', '', 0, 0, 1, '', 0),
(1167, 1, 'Мегашко', 'Наталья', '.', '', '', '', '0000-00-00 00:00:00', '0633060406', 'ул. Межигорская 78', '', 0, 0, 1, '', 0),
(1168, 1, 'Мищенко', 'Янина', '.', '', '', '', '0000-00-00 00:00:00', '0995299898', '', '', 0, 0, 1, '', 0),
(1169, 1, 'Масковский', 'Александр', 'Владимирович', '', '', '', '0000-00-00 00:00:00', '0504429000', 'г. Каховка, отделение 2', '', 0, 0, 1, '', 0),
(1170, 1, 'Мішустіна', 'Лоліта', '.', '', '', '', '0000-00-00 00:00:00', '0505955914', '', '', 0, 0, 1, '', 0),
(1171, 1, 'Подобин', 'Антон', '', '', '', '', '0000-00-00 00:00:00', '0672335782', '', '', 0, 0, 1, '', 0),
(1172, 1, 'Гнатенко', 'Михаил', '.', '', '', '', '0000-00-00 00:00:00', '0633707999', 'Софиевская борщаговка, ул Горького 5', '', 0, 0, 1, '', 0),
(1173, 1, 'Кандыбар', 'Юрий', '.', '', '', '', '0000-00-00 00:00:00', '0689439142', 'ул. Прорезная 13', '', 0, 0, 1, '', 0),
(1174, 1, 'Кравченко', 'Марина', '.', '', '', '', '0000-00-00 00:00:00', '0509877891', '', '', 0, 0, 1, '', 0),
(1175, 1, 'Егоренкова', 'Вероника', '.', '', '', '', '0000-00-00 00:00:00', '0933500314', 'ул. Оболонская-Набережная 19, корпус 2', '', 0, 0, 1, '', 0),
(1176, 1, 'Самойлюк', 'Нина', 'Ларионовна', '', '', '', '0000-00-00 00:00:00', '0679675688', '', '', 0, 0, 1, '', 0),
(1177, 1, 'Захарова', 'Алена', '.', '', '', '', '0000-00-00 00:00:00', '0971822399', 'ул. Саперно-Слободская 8, магазин сантехники', '', 0, 0, 1, '', 0),
(1178, 1, 'Олейник', 'Кирилл', '.', '', '', '', '0000-00-00 00:00:00', '0930730763', 'ул. Антоновича 172, БЦ палладиум сити, 12 этаж, боковой вход', '', 0, 0, 1, '', 0),
(1179, 1, 'Антоненко', 'Ольга', '.', '', '', '', '0000-00-00 00:00:00', '0668258463', '', '', 0, 0, 1, '', 0),
(1180, 1, 'Столяренко', 'Владимир', 'Валерьевич', '', '', '', '0000-00-00 00:00:00', '0504471282', 'проспект Космонавта Комарова, 26', '', 0, 0, 1, '', 0),
(1181, 1, 'Бабаева', 'Нина', '.', '', '', '', '0000-00-00 00:00:00', '0665911613', 'ул. Краковская 22, 2п, 2этаж', '', 0, 0, 1, '', 0),
(1182, 1, 'Яскевич', 'Вадим', '.', '', '', '', '0000-00-00 00:00:00', '0672479385', '', '', 0, 0, 1, '', 0),
(1183, 1, 'Савенко', 'Валерия', '.', '', '', '', '0000-00-00 00:00:00', '0670080868', 'ул. Артёма 77, офис 612, 6 этаж', '', 0, 0, 1, '', 0),
(1184, 1, 'Валентин', 'Валентин', '.', '', '', '', '0000-00-00 00:00:00', '0503483725', 'ул. Драгоманова 23Б, кв.11, п1, 4этаж', '', 0, 0, 1, '', 0),
(1185, 1, 'Фомина', 'Катерина', '.', '', '', '', '0000-00-00 00:00:00', '0675999959', 'город Бровары', '', 0, 0, 1, '', 0),
(1186, 1, 'Труш', 'Владимир', 'Николаевич', '', '', '', '0000-00-00 00:00:00', '0677083631', '', '', 0, 0, 1, '', 0),
(1187, 1, 'Федяева', 'Лидия', '.', '', '', '', '0000-00-00 00:00:00', '0676930657', 'ул. Сырецкая 5, корпус 3, ТОВ ДИСПЛЕЙ УКРАЇНА, 4 этаж', '', 0, 0, 1, '', 0),
(1188, 1, 'Чебруков', 'Максим', '.', '', '', '', '0000-00-00 00:00:00', '0509939919', '', '', 0, 0, 1, '', 0),
(1189, 1, 'Губенко', 'Елене', '.', '', '', '', '0000-00-00 00:00:00', '0683039433', '', '', 0, 0, 1, '', 0),
(1190, 1, 'Гороховская', 'Мила', '.', '', '', '', '0000-00-00 00:00:00', '0679772611', '', '', 0, 0, 1, '', 0),
(1191, 1, 'Невидничая', 'Вера', 'Павловна', '', '', '', '0000-00-00 00:00:00', '0674403370', 'Коттеджный городок Bosco Village, Киевская обл, Обуховский р-н, Романков', '', 0, 0, 1, '', 0),
(1192, 1, 'Кучер', 'Юлия', '.', '', '', '', '0000-00-00 00:00:00', '0636538191', '', '', 0, 0, 1, '', 0),
(1193, 1, 'Ливин', 'Владимир', '.', '', '', '', '0000-00-00 00:00:00', '0674417511', '', '', 0, 0, 1, '', 0),
(1194, 1, 'Ерошенко', 'Сергей', '.', '', '', '', '0000-00-00 00:00:00', '0969147804', '', '', 0, 0, 1, '', 0);
INSERT INTO `users` (`user_id`, `id_sc`, `fam`, `imya`, `otch`, `login`, `password`, `mail`, `send_mail`, `phone`, `adres`, `zavod`, `gorod_id`, `id_group`, `id_portret`, `user_hash`, `active`) VALUES
(1195, 1, 'Путюренко', 'Юлия', '.', '', '', '', '0000-00-00 00:00:00', '0967702847', 'ул. Белорусская 3, 3этаж', '', 0, 0, 1, '', 0),
(1196, 1, 'Дементьева', 'Ольга', '.', '', '', '', '0000-00-00 00:00:00', '0688609857', '', '', 0, 0, 1, '', 0),
(1197, 1, 'Липовец', 'Игорь', '.', '', '', '', '0000-00-00 00:00:00', '0634934387', 'переулок Щусева 5', '', 0, 0, 1, '', 0),
(1198, 1, 'Журавель', 'Валерий', 'Михайлович', '', '', '', '0000-00-00 00:00:00', '0672196629', '', '', 0, 0, 1, '', 0),
(1199, 1, 'Тонкоштанов', 'Александр', '.', '', '', '', '0000-00-00 00:00:00', '0675030173', '', '', 0, 0, 1, '', 0),
(1200, 1, 'Бойко', 'Марина', '.', '', '', '', '0000-00-00 00:00:00', '0934862686', 'ул. Гетьмана 1Б', '', 0, 0, 1, '', 0),
(1201, 1, 'Брик', 'Сергей', '.', '', '', '', '0000-00-00 00:00:00', '0991006537', 'пр. Отрадный 95Д', '', 0, 0, 1, '', 0),
(1202, 1, 'Яковенко', 'Михаил', 'Николаевич', '', '', '', '0000-00-00 00:00:00', '0963089827', '', '', 0, 0, 1, '', 0),
(1203, 1, 'Шершень', 'Ольга', '.', '', '', '', '0000-00-00 00:00:00', '0676241823', 'ул. Жилянская 101', '', 0, 0, 1, '', 0),
(1204, 1, 'Федоровский', 'Алексей', '.', '', '', '', '0000-00-00 00:00:00', '0677039079', 'ул. Богомольца 10', '', 0, 0, 1, '', 0),
(1205, 1, 'Карасева', 'Кристина', '.', '', '', '', '0000-00-00 00:00:00', '0500137776', '', '', 0, 0, 1, '', 0),
(1206, 1, 'Равреба', 'Алиса', '.', '', '', '', '0000-00-00 00:00:00', '0955532963', '', '', 0, 0, 1, '', 0),
(1207, 1, 'Кухарук', 'Дмитрий', '.', '', '', '', '0000-00-00 00:00:00', '0948278031', 'ул. Кондратюка 5, ЖК Министерский', '', 0, 0, 1, '', 0),
(1208, 1, 'Зайцев', 'Николай', '', '', '', '', '0000-00-00 00:00:00', '0676930362', '', '', 0, 0, 1, '', 0),
(1209, 1, 'Ткаленко', 'Андрій', '.', '', '', '', '0000-00-00 00:00:00', '0953246314', '', '', 0, 0, 1, '', 0),
(1210, 1, 'Мельник', 'Людмила', 'Владимировна', '', '', '', '0000-00-00 00:00:00', '0503000977', 'Торговый Центр 4ROOM', '', 0, 0, 1, '', 0),
(1211, 1, 'Грубникова', 'Елена', '.', '', '', '', '0000-00-00 00:00:00', '0638932342', 'ул.Артёма 84А', '', 0, 0, 1, '', 0),
(1212, 1, 'Березюк', 'Елена', 'Петровна', '', '', '', '0000-00-00 00:00:00', '0983335345', 'ул. Зверинецкая 47', '', 0, 0, 1, '', 0),
(1213, 1, 'Галушкевич', 'Владимир', '.', '', '', '', '0000-00-00 00:00:00', '0509415148', '', '', 0, 0, 1, '', 0),
(1214, 1, 'Балюк', 'Мария', '.', '', '', '', '0000-00-00 00:00:00', '0674027140', 'переулок Музейный 10, оф.301', '', 0, 0, 1, '', 0),
(1215, 1, 'Черных', 'Константин', '.', '', '', '', '0000-00-00 00:00:00', '0965107499', 'ул. Богдана Хмельницкого 32', '', 0, 0, 1, '', 0),
(1216, 1, 'Галанюк', 'Дмитрий', '.', '', '', '', '0000-00-00 00:00:00', '0972372373', '', '', 0, 0, 1, '', 0),
(1217, 1, 'Сушко', 'Ирина', '.', '', '', '', '0000-00-00 00:00:00', '0506857743', '', '', 0, 0, 1, '', 0),
(1218, 1, 'Ковтун', 'Анна', '.', '', '', '', '0000-00-00 00:00:00', '0671039987', 'пр. Победы 89А, 3п, 2э, оф 222', '', 0, 0, 1, '', 0),
(1219, 1, 'Руденко', 'Юрий', '.', '', '', '', '0000-00-00 00:00:00', '0504458936', '', '', 0, 0, 1, '', 0),
(1220, 1, 'Синько', 'Валентина', 'Алексеевна', '', '', '', '0000-00-00 00:00:00', '0983057067', '', '', 0, 0, 1, '', 0),
(1221, 1, 'Шаповалов', 'Георгий', '.', '', '', '', '0000-00-00 00:00:00', '0674480661', 'ул. Кловский спук 7А', '', 0, 0, 1, '', 0),
(1222, 1, 'Денисюк', 'Евгений', '.', '', '', '', '0000-00-00 00:00:00', '0979395543', '', '', 0, 0, 1, '', 0),
(1223, 1, 'Поляруш', 'Евгений', '', '', '', '', '0000-00-00 00:00:00', '0672157698', '', '', 0, 0, 1, '', 0),
(1224, 1, 'Кузьменко', 'Владимир', '.', '', '', '', '0000-00-00 00:00:00', '0676239348', 'г. Мариуполь, отделение 17', '', 0, 0, 1, '', 0),
(1225, 1, 'Янович', 'Андрей', '.', '', '', '', '0000-00-00 00:00:00', '0952810099', 'ул. Новоконстантиновская 13/10', '', 0, 0, 1, '', 0),
(1226, 1, 'Репик', 'Любовь', '.', '', '', '', '0000-00-00 00:00:00', '0681189562', '', '', 0, 0, 1, '', 0),
(1227, 1, 'Майборода', 'Татьяна', '.', '', '', '', '0000-00-00 00:00:00', '0672387233', '', '', 0, 0, 1, '', 0),
(1228, 1, 'Муравский', 'Богдан', '.', '', '', '', '0000-00-00 00:00:00', '0975993015', '', '', 0, 0, 1, '', 0),
(1229, 1, 'Дудунов', 'Виктор', '.', '', '', '', '0000-00-00 00:00:00', '0933669442', '', '', 0, 0, 1, '', 0),
(1230, 1, 'Мотрич', 'Андрей', '.', '', '', '', '0000-00-00 00:00:00', '0666669979', '', '', 0, 0, 1, '', 0),
(1231, 1, 'Божок', 'Светлана', '.', '', '', '', '0000-00-00 00:00:00', '0964907310', 'ул. Милютенка 17, кв.96', '', 0, 0, 1, '', 0),
(1232, 1, 'Масляк', 'Семен', '.', '', '', '', '0000-00-00 00:00:00', '0953018937', '', '', 0, 0, 1, '', 0),
(1233, 1, 'Козенко', 'Олег', '.', '', '', '', '0000-00-00 00:00:00', '0672956210', 'м.Оболонь', '', 0, 0, 1, '', 0),
(1234, 1, 'Бондарчук', 'Владимир', '', '', '', '', '0000-00-00 00:00:00', '0970029727', '', '', 0, 0, 1, '', 0),
(1235, 1, 'Разин', 'Сергей', '.', '', '', '', '0000-00-00 00:00:00', '0503318704', 'ул. Бударина 3, санаторий перемога', '', 0, 0, 1, '', 0),
(1236, 1, 'Головань', 'Алексей', '.', '', '', '', '0000-00-00 00:00:00', '0976323624', '', '', 0, 0, 1, '', 0),
(1237, 1, 'Выборный', 'Андрей', 'Николаевич', '', '', '', '0000-00-00 00:00:00', '0672207722', 'пр. Отрадный 95', '', 0, 0, 1, '', 0),
(1238, 1, 'Шило', 'Владислав', '.', '', '', '', '0000-00-00 00:00:00', '0675083592', '', '', 0, 0, 1, '', 0),
(1239, 1, 'Горобец', 'Василий', '.', '', '', '', '0000-00-00 00:00:00', '0679428747', '', '', 0, 0, 1, '', 0),
(1240, 1, 'Дараган', 'Сергей', '.', '', '', '', '0000-00-00 00:00:00', '0938788885', '', '', 0, 0, 1, '', 0),
(1241, 1, 'Мельник', 'Игорь', '.', '', '', '', '0000-00-00 00:00:00', '0503535594', '', '', 0, 0, 1, '', 0),
(1242, 1, 'Сидоренко', 'Александр', '.', '', '', '', '0000-00-00 00:00:00', '0505385132', 'ул. Семьи Хохловых 3, кв.137', '', 0, 0, 1, '', 0),
(1243, 1, 'Божук', 'Юрий', '.', '', '', '', '0000-00-00 00:00:00', '0503310311', '', '', 0, 0, 1, '', 0),
(1244, 1, 'Рассказов', 'Анатолий', '.', '', '', '', '0000-00-00 00:00:00', '0503310928', '', '', 0, 0, 1, '', 0),
(1245, 1, 'Марченко', 'Андрей', '.', '', '', '', '0000-00-00 00:00:00', '0503681595', 'ул. Ломоносова 71 Z, кв.72', '', 0, 0, 1, '', 0),
(1246, 1, 'Клиент', 'Ольга', '.', '', '', '', '0000-00-00 00:00:00', '0679054550', 'ул. Строителей 34/1 кв.49', '', 0, 0, 1, '', 0),
(1247, 1, 'Микитенко', 'Владимир', '.', '', '', '', '0000-00-00 00:00:00', '0505127237', '', '', 0, 0, 1, '', 0),
(1248, 1, 'Белый', 'Иван', 'Мефодьевич', '', '', '', '0000-00-00 00:00:00', '0677446032', '', '', 0, 0, 1, '', 0),
(1249, 1, 'Шеремет', 'Юрий', '.', '', '', '', '0000-00-00 00:00:00', '0936728736', 'ул. Народного Ополчения 5А, налоговая', '', 0, 0, 1, '', 0),
(1250, 1, 'Запорожец', 'Иван', 'Иванович', '', '', '', '0000-00-00 00:00:00', '0975585410', '', '', 0, 0, 1, '', 0),
(1251, 1, 'Осипенко', 'Виктор', '.', '', '', '', '0000-00-00 00:00:00', '0636170012', '', '', 0, 0, 1, '', 0),
(1252, 1, 'Кравченко', 'Сергей', '.', '', '', '', '0000-00-00 00:00:00', '0989888803', '', '', 0, 0, 1, '', 0),
(1253, 1, 'Елкина', 'Валентина', '.', '', '', '', '0000-00-00 00:00:00', '0674077208', 'ул. Щекавицкая 30/39, салон красоты', '', 0, 0, 1, '', 0),
(1254, 1, 'Грищук', 'Сергей', '.', '', '', '', '0000-00-00 00:00:00', '0501896343', '', '', 0, 0, 1, '', 0),
(1255, 1, 'Висленко', 'Владимир', '.', '', '', '', '0000-00-00 00:00:00', '0935710746', '', '', 0, 0, 1, '', 0),
(1256, 1, 'Рыбак', 'Ольга', '.', '', '', '', '0000-00-00 00:00:00', '0686280990', '', '', 0, 0, 1, '', 0),
(1257, 1, 'Стоев', 'Илья', 'Олегович', '', '', '', '0000-00-00 00:00:00', '0668182093', 'г.Кропивницкий, отделение 3', '', 0, 0, 1, '', 0),
(1258, 1, 'Матусевич', 'Давид', '.', '', '', '', '0000-00-00 00:00:00', '0953869493', '', '', 0, 0, 1, '', 0),
(1259, 1, 'Михайлюк', 'Лилия', '', '', '', '', '0000-00-00 00:00:00', '0934862658', 'ул. Мечникова 3 оф. 619', '', 0, 0, 1, '', 0),
(1260, 1, 'Корнейко', 'Ирина', '', '', '', '', '0000-00-00 00:00:00', '0660675122', '', '', 0, 0, 1, '', 0),
(1261, 1, 'Капущенко', 'Дарья', '.', '', '', '', '0000-00-00 00:00:00', '0937942496', 'ул. Мельникова 31, киевэнерго', '', 0, 0, 1, '', 0),
(1262, 1, 'Ткаченко', 'Александр', '.', '', '', '', '0000-00-00 00:00:00', '0952002005', '', '', 0, 0, 1, '', 0),
(1263, 1, 'Тендюк', 'Юлия', '.', '', '', '', '0000-00-00 00:00:00', '0937031594', '', '', 0, 0, 1, '', 0),
(1264, 1, 'Васильчук', 'Татьяна', '.', '', '', '', '0000-00-00 00:00:00', '0953501464', 'ул. Гната Юры 4, кв. 60', '', 0, 0, 1, '', 0),
(1265, 1, 'Лаганович', 'Тимофей', '.', '', '', '', '0000-00-00 00:00:00', '0990710840', 'город Украинка', '', 0, 0, 1, '', 0),
(1266, 1, 'Черновская', 'Дарья', '.', '', '', '', '0000-00-00 00:00:00', '0505232125', 'ул. Драгомирова 14, кв.11', '', 0, 0, 1, '', 0),
(1267, 1, 'Катрич', 'Максим', '.', '', '', '', '0000-00-00 00:00:00', '0939844680', '', '', 0, 0, 1, '', 0),
(1268, 1, 'Кравцова', 'Виктория', '.', '', '', '', '0000-00-00 00:00:00', '0672169698', '', '', 0, 0, 1, '', 0),
(1269, 1, 'Белич', 'Анатолий', '.', '', '', '', '0000-00-00 00:00:00', '0962511852', '', '', 0, 0, 1, '', 0),
(1270, 1, 'Вознесенский', 'Олег', '.', '', '', '', '0000-00-00 00:00:00', '0675093398', '', '', 0, 0, 1, '', 0),
(1271, 1, 'Сергей', 'Вербивский', '.', '', '', '', '0000-00-00 00:00:00', '0673802695', '', '', 0, 0, 1, '', 0),
(1272, 1, 'Бурак', 'Сергей', '.', '', '', '', '0000-00-00 00:00:00', '0985200680', '', '', 0, 0, 1, '', 0),
(1273, 1, 'Батрак', 'Денис', 'Олександрович', '', '', '', '0000-00-00 00:00:00', '0674072672', 'ул.Притисско-Никольская 9А', '', 0, 0, 1, '', 0),
(1274, 1, 'Лобанов', 'Петр', '.', '', '', '', '0000-00-00 00:00:00', '0952818365', '', '', 0, 0, 1, '', 0),
(1275, 1, 'Дмитринко', 'Ирина', '.', '', '', '', '0000-00-00 00:00:00', '0936652015', 'ул. Антоновича 172, БЦ палладиум сити, 5 этаж, каб 516', '', 0, 0, 1, '', 0),
(1276, 1, 'Ирха', 'Ирина', '.', '', '', '', '0000-00-00 00:00:00', '0639440766', 'ул. Бульвар Шевченка 33Б, 3 этаж', '', 0, 0, 1, '', 0),
(1277, 1, 'Коваль', 'Игорь', '.', '', '', '', '0000-00-00 00:00:00', '0677008783', 'ул. Осиповского 1, кв.55, 14 этаж', '', 0, 0, 1, '', 0),
(1278, 1, 'Терновый', 'Василий', '', '', '', '', '0000-00-00 00:00:00', '0976409114', '', '', 0, 0, 1, '', 0),
(1279, 1, 'Овчинин', 'Григорий', '', '', '', '', '0000-00-00 00:00:00', '0971388449', '', '', 0, 0, 1, '', 0),
(1280, 1, 'Хлопецкая', 'Ирина', '.', '', '', '', '0000-00-00 00:00:00', '0973770463', 'ул. Котовского 25, кв. 29, 2п, 3этаж', '', 0, 0, 1, '', 0),
(1281, 1, 'Липко', 'Богдана', '.', '', '', '', '0000-00-00 00:00:00', '0934887331', 'Больша Васильковская 34', '', 0, 0, 1, '', 0),
(1282, 1, 'Кугитко', 'Виталий', '.', '', '', '', '0000-00-00 00:00:00', '0963062683', '', '', 0, 0, 1, '', 0),
(1283, 1, 'Воронов', 'Виктор', '.', '', '', '', '0000-00-00 00:00:00', '0672321098', '', '', 0, 0, 1, '', 0),
(1284, 1, 'Лищук', 'Леонид', '.', '', '', '', '0000-00-00 00:00:00', '0676248201', '', '', 0, 0, 1, '', 0),
(1285, 1, 'Корниенко', 'Галина', '.', '', '', '', '0000-00-00 00:00:00', '0676121544', 'ул. Строителей 22/11 офис 24В', '', 0, 0, 1, '', 0),
(1286, 1, 'Павлик', 'Ирина', '.', '', '', '', '0000-00-00 00:00:00', '0636917774', 'ул. Дмитриевская 80', '', 0, 0, 1, '', 0),
(1287, 1, 'Сапунова', 'Евгения', '.', '', '', '', '0000-00-00 00:00:00', '0503803985', 'ул. Павла Тычины 10, кв.32, 6этаж', '', 0, 0, 1, '', 0),
(1288, 1, 'Захарова', 'Юлия', '.', '', '', '', '0000-00-00 00:00:00', '0987218706', 'ул. Лаврухина 16, кв. 124, 21этаж', '', 0, 0, 1, '', 0),
(1289, 1, 'Ставнийчук', 'Александр', '', '', '', '', '0000-00-00 00:00:00', '0675345108', 'м. печерская', '', 0, 0, 1, '', 0),
(1290, 1, 'Хлебус', 'Татьяна', '.', '', '', '', '0000-00-00 00:00:00', '0504238133', 'ул. Нижний Вал 15, офис 503', '', 0, 0, 1, '', 0),
(1291, 1, 'Вербицкий', 'Сергей', '.', '', '', '', '0000-00-00 00:00:00', '0673802695', '', '', 0, 0, 1, '', 0),
(1292, 1, 'Самусь', 'Анастасия', '.', '', '', '', '0000-00-00 00:00:00', '0971192930', 'ул. Ярославская 56А', '', 0, 0, 1, '', 0),
(1293, 1, '.', '.', '.', '', '', '', '0000-00-00 00:00:00', '0509165984', 'ул. Лабораторный переулок 6', '', 0, 0, 1, '', 0),
(1294, 1, 'Чернобровкина', 'Светлана', '.', '', '', '', '0000-00-00 00:00:00', '0932803116', 'ул. Льва Толстого 63', '', 0, 0, 1, '', 0),
(1295, 1, 'Ринг', 'Мария', '.', '', '', '', '0000-00-00 00:00:00', '0443333314', 'переулок Музейный 4, БЦ Европа, 4 этаж', '', 0, 0, 1, '', 0),
(1296, 1, 'Черноус', 'Владимир', '.', '', '', '', '0000-00-00 00:00:00', '0930231292', '', '', 0, 0, 1, '', 0),
(1297, 1, 'Хижняк', 'Сергей', '.', '', '', '', '0000-00-00 00:00:00', '0937959603', '', '', 0, 0, 1, '', 0),
(1298, 1, 'Скопненко', 'Мария', 'Петровна', '', '', '', '0000-00-00 00:00:00', '0673173101', 'пр. Отрадный 55, кв.60, 11 этаж', '', 0, 0, 1, '', 0),
(1299, 1, 'Литвинюк', 'Андрей', '.', '', '', '', '0000-00-00 00:00:00', '0967386654', '', '', 0, 0, 1, '', 0),
(1300, 1, 'Столбчевская', 'Антонина', '', '', '', '', '0000-00-00 00:00:00', '0505402128', '', '', 0, 0, 1, '', 0),
(1301, 1, 'Скок', 'Евгений', '.', '', '', '', '0000-00-00 00:00:00', '0674026060', 'ул. Богдана Хмельницкого 65Б, ДЕРЖАВНА ІНВЕСТИЦІЙНА КОМПАНІЯ', '', 0, 0, 1, '', 0),
(1302, 1, 'Голубенко', 'Анастасия', '', '', '', '', '0000-00-00 00:00:00', '0635926248', 'ул. Владимирская 18, приватбанк', '', 0, 0, 1, '', 0),
(1303, 1, 'Дериев', 'Андрей', '.', '', '', '', '0000-00-00 00:00:00', '0987529176', 'пр. Бажана 19', '', 0, 0, 1, '', 0),
(1304, 1, 'Кисьмина', 'Лариса', '.', '', '', '', '0000-00-00 00:00:00', '0675876297', '', '', 0, 0, 1, '', 0),
(1305, 1, 'Николаев', 'Вадим', '.', '', '', '', '0000-00-00 00:00:00', '0970723429', '', '', 0, 0, 1, '', 0),
(1306, 1, 'Нечитаева', 'Анна', '.', '', '', '', '0000-00-00 00:00:00', '0963323494', 'ул. Кловский спуск 7А', '', 0, 0, 1, '', 0),
(1307, 1, 'Мозалев', 'Виталий', '.', '', '', '', '0000-00-00 00:00:00', '0671221795', 'вулиця Западинська, 5, офис 407', '', 0, 0, 1, '', 0),
(1308, 1, 'Эсатов', 'Константин', '.', '', '', '', '0000-00-00 00:00:00', '0957224157', '', '', 0, 0, 1, '', 0),
(1309, 1, 'Лебедев', 'Дмитрий', '.', '', '', '', '0000-00-00 00:00:00', '0667672547', 'ул. Боженко 83, кв.18', '', 0, 0, 1, '', 0),
(1310, 1, 'Симельникова', 'Елена', '.', '', '', '', '0000-00-00 00:00:00', '0504713533', 'ул. Саксаганского 131Б', '', 0, 0, 1, '', 0),
(1311, 1, 'Острыжный', 'Николай', '.', '', '', '', '0000-00-00 00:00:00', '0674072075', '', '', 0, 0, 1, '', 0),
(1312, 1, 'Голубенко', 'Сергей', '.', '', '', '', '0000-00-00 00:00:00', '0677493524', '', '', 0, 0, 1, '', 0),
(1313, 1, 'Алексеенко', 'Дмитрий', '.', '', '', '', '0000-00-00 00:00:00', '0638759697', '', '', 0, 0, 1, '', 0),
(1314, 1, 'Вознюк', 'Игорь', '.', '', '', '', '0000-00-00 00:00:00', '0671236154', '', '', 0, 0, 1, '', 0),
(1315, 1, 'Пыпенко', 'Виктор', '.', '', '', '', '0000-00-00 00:00:00', '0504699900', '', '', 0, 0, 1, '', 0),
(1316, 1, 'Мойсеенко', 'Мария', '.', '', '', '', '0000-00-00 00:00:00', '0639721955', 'ул. Владимирская 45, кв.5', '', 0, 0, 1, '', 0),
(1317, 1, 'Левчук', 'Ирина', '.', '', '', '', '0000-00-00 00:00:00', '0731300730', 'ул. Виктора Забилы 5, салон красоты', '', 0, 0, 1, '', 0),
(1318, 1, 'Бровко', 'Наталья', '.', '', '', '', '0000-00-00 00:00:00', '0672351656', 'ул. Межигорская 28, кв. 38', '', 0, 0, 1, '', 0),
(1319, 1, 'Шнырева', 'Нина', '.', '', '', '', '0000-00-00 00:00:00', '0932467544', 'ул. Большая Житомирская 20, 4п', '', 0, 0, 1, '', 0),
(1320, 1, 'Волков', 'Дмитрий', '.', '', '', '', '0000-00-00 00:00:00', '0936757417', '', '', 0, 0, 1, '', 0),
(1321, 1, 'Левицкая', 'Анастасия', '.', '', '', '', '0000-00-00 00:00:00', '0631708263', 'ул. Межигорская 87А, 4 этаж', '', 0, 0, 1, '', 0),
(1322, 1, 'Пугач', 'Юлия', '.', '', '', '', '0000-00-00 00:00:00', '0997237160', 'ул. Верхний Вал 44, кв.38', '', 0, 0, 1, '', 0),
(1323, 1, 'Грицюк', 'Сергей', '.', '', '', '', '0000-00-00 00:00:00', '0672498249', '', '', 0, 0, 1, '', 0),
(1324, 1, 'Симонова', 'Наталья', '.', '', '', '', '0000-00-00 00:00:00', '0503109886', 'ул. Ялтинская 12/11 кв.39', '', 0, 0, 1, '', 0),
(1325, 1, 'Боган', 'Юлия', '.', '', '', '', '0000-00-00 00:00:00', '0675029050', 'ул. Доброхотова 5Б', '', 0, 0, 1, '', 0),
(1326, 1, 'Степанюк', 'Владимир', '.', '', '', '', '0000-00-00 00:00:00', '0672182158', '', '', 0, 0, 1, '', 0),
(1327, 1, 'Шарафетдинов', 'Валерий', '', '', '', '', '0000-00-00 00:00:00', '0678114136', '', '', 0, 0, 1, '', 0),
(1328, 1, 'Кичула', 'Ярослав', 'Петрович', '', '', '', '0000-00-00 00:00:00', '0673526510', '', '', 0, 0, 1, '', 0),
(1329, 1, 'Вертинский', 'Павел', '.', '', '', '', '0000-00-00 00:00:00', '0673541464', 'ул. Драгоманова 12, кв.90, 2п', '', 0, 0, 1, '', 0),
(1330, 1, 'Куценко', 'Наталья', '.', '', '', '', '0000-00-00 00:00:00', '0504181596', 'ул. Сурикова 8В, 6этаж, страховое агенство Малакут', '', 0, 0, 1, '', 0),
(1331, 1, 'Береговой', 'Дмитрий', '.', '', '', '', '0000-00-00 00:00:00', '0684138988', 'ул. Семашко м. Житомирская', '', 0, 0, 1, '', 0),
(1332, 1, 'Сергеева', 'Антонина', '.', '', '', '', '0000-00-00 00:00:00', '0973513477', 'ул. Лысенко 6', '', 0, 0, 1, '', 0),
(1333, 1, 'Захарченко', 'Ольга', '.', '', '', '', '0000-00-00 00:00:00', '0672302337', 'ул. Иоанна Павла || 23/35, кв.1', '', 0, 0, 1, '', 0),
(1334, 1, 'Самохвалова', 'Елена', '.', '', '', '', '0000-00-00 00:00:00', '0675089110', '', '', 0, 0, 1, '', 0),
(1335, 1, 'АгроСтудио', 'Роксолана', '.', '', '', '', '0000-00-00 00:00:00', '0937125555', 'ул. Мишуги 12, офис 352, Agrostudio', '', 0, 0, 1, '', 0),
(1336, 1, 'Шевчик', 'Олег', '.', '', '', '', '0000-00-00 00:00:00', '0936320110', '', '', 0, 0, 1, '', 0),
(1337, 1, 'Кузьменко', 'Юрий', '.', '', '', '', '0000-00-00 00:00:00', '0952882377', '', '', 0, 0, 1, '', 0),
(1338, 0, '-', 'Елена', '', '', '', '', '0000-00-00 00:00:00', '0678911130', 'Дмитриевская 82 кв 67', '', 0, 0, 1, '', 0),
(1339, 0, '-', 'Елена', '', '', '', '', '0000-00-00 00:00:00', '0678911130', 'Дмитриевская 82 кв 67', '', 0, 0, 1, '', 0),
(1340, 0, '-', 'Елена', '', '', '', '', '0000-00-00 00:00:00', '0678911130', 'Дмитриевская 82 кв 67', '', 0, 0, 1, '', 0),
(1341, 0, '-', 'Елена', '', '', '', '', '0000-00-00 00:00:00', '0678911130', 'Дмитриевская 82 кв 67', '', 0, 0, 1, '', 0),
(1342, 0, '-', 'Елена', '', '', '', '', '0000-00-00 00:00:00', '0678911130', 'Дмитриевская 82 кв 67', '', 0, 0, 1, '', 0),
(1343, 0, '-', 'Елена', '', '', '', '', '0000-00-00 00:00:00', '0678911130', 'Дмитриевская 82 кв 67', '', 0, 0, 1, '', 0),
(1344, 0, '-', 'Елена', '', '', '', '', '0000-00-00 00:00:00', '0678911130', 'Дмитриевская 82 кв 67', '', 0, 0, 1, '', 0),
(1345, 0, '-', 'Елена', '', '', '', '', '0000-00-00 00:00:00', '0678911130', 'Дмитриевская 82 кв 67', '', 0, 0, 1, '', 0),
(1346, 0, '-', 'Елена', '', '', '', '', '0000-00-00 00:00:00', '0678911130', 'Дмитриевская 82 кв 67', '', 0, 0, 1, '', 0),
(1347, 0, '-', 'Елена', '', '', '', '', '0000-00-00 00:00:00', '0678911130', 'Дмитриевская 82 кв 67', '', 0, 0, 1, '', 0),
(1348, 0, '-', 'Елена', '', '', '', '', '0000-00-00 00:00:00', '0678911130', 'Дмитриевская 82 кв 67', '', 0, 0, 1, '', 0),
(1349, 0, '-', 'Елена', '', '', '', '', '0000-00-00 00:00:00', '0678911130', 'Дмитриевская 82 кв 67', '', 0, 0, 1, '', 0),
(1350, 0, '-', 'Елена', '', '', '', '', '0000-00-00 00:00:00', '0678911130', 'Дмитриевская 82 кв 67', '', 0, 0, 1, '', 0),
(1351, 1, '-', 'Елена', '', '', '', '', '0000-00-00 00:00:00', '0678911130', 'ул. Дмитриевская 82, кв 67', '', 0, 0, 1, '', 0);

-- --------------------------------------------------------

--
-- Структура таблицы `vid_remonta`
--

CREATE TABLE IF NOT EXISTS `vid_remonta` (
  `id_remonta` int(4) NOT NULL,
  `name_remonta` text NOT NULL
) ENGINE=MyISAM AUTO_INCREMENT=10 DEFAULT CHARSET=cp1251;

--
-- Дамп данных таблицы `vid_remonta`
--

INSERT INTO `vid_remonta` (`id_remonta`, `name_remonta`) VALUES
(1, 'гарантийный'),
(2, 'негарантийный'),
(3, 'предпродажный'),
(4, 'выезд(гарантийный)'),
(5, 'выезд(негарантийный)'),
(9, 'доставка');

-- --------------------------------------------------------

--
-- Структура таблицы `works`
--

CREATE TABLE IF NOT EXISTS `works` (
  `id` int(4) NOT NULL,
  `id_sc` int(1) NOT NULL,
  `date_added` varchar(100) NOT NULL,
  `name` varchar(200) NOT NULL,
  `cost` int(8) NOT NULL,
  `user_id` int(8) DEFAULT NULL,
  `id_kvitancy` int(8) NOT NULL
) ENGINE=MyISAM DEFAULT CHARSET=cp1251;

--
-- Индексы сохранённых таблиц
--

--
-- Индексы таблицы `aparaty`
--
ALTER TABLE `aparaty`
  ADD PRIMARY KEY (`id_aparat`);

--
-- Индексы таблицы `aparat_p`
--
ALTER TABLE `aparat_p`
  ADD PRIMARY KEY (`id_aparat_p`);

--
-- Индексы таблицы `cash`
--
ALTER TABLE `cash`
  ADD PRIMARY KEY (`id`);

--
-- Индексы таблицы `ci_cookies`
--
ALTER TABLE `ci_cookies`
  ADD PRIMARY KEY (`id`);

--
-- Индексы таблицы `ci_sessions`
--
ALTER TABLE `ci_sessions`
  ADD PRIMARY KEY (`session_id`),
  ADD KEY `last_activity_idx` (`last_activity`);

--
-- Индексы таблицы `clients`
--
ALTER TABLE `clients`
  ADD PRIMARY KEY (`user_id`);

--
-- Индексы таблицы `comments`
--
ALTER TABLE `comments`
  ADD PRIMARY KEY (`id_comment`);

--
-- Индексы таблицы `goroda`
--
ALTER TABLE `goroda`
  ADD PRIMARY KEY (`gorod_id`);

--
-- Индексы таблицы `groups_dostupa`
--
ALTER TABLE `groups_dostupa`
  ADD PRIMARY KEY (`id`);

--
-- Индексы таблицы `kvitancy`
--
ALTER TABLE `kvitancy`
  ADD PRIMARY KEY (`id_kvitancy`);

--
-- Индексы таблицы `membership`
--
ALTER TABLE `membership`
  ADD PRIMARY KEY (`id`);

--
-- Индексы таблицы `parts`
--
ALTER TABLE `parts`
  ADD PRIMARY KEY (`id`);

--
-- Индексы таблицы `people`
--
ALTER TABLE `people`
  ADD PRIMARY KEY (`PersonId`);

--
-- Индексы таблицы `proizvoditel`
--
ALTER TABLE `proizvoditel`
  ADD PRIMARY KEY (`id_proizvod`);

--
-- Индексы таблицы `service_centers`
--
ALTER TABLE `service_centers`
  ADD PRIMARY KEY (`id_sc`);

--
-- Индексы таблицы `settings`
--
ALTER TABLE `settings`
  ADD PRIMARY KEY (`id`);

--
-- Индексы таблицы `sost_remonta`
--
ALTER TABLE `sost_remonta`
  ADD PRIMARY KEY (`id_sost`);

--
-- Индексы таблицы `store`
--
ALTER TABLE `store`
  ADD PRIMARY KEY (`id`);

--
-- Индексы таблицы `users`
--
ALTER TABLE `users`
  ADD PRIMARY KEY (`user_id`);

--
-- Индексы таблицы `vid_remonta`
--
ALTER TABLE `vid_remonta`
  ADD PRIMARY KEY (`id_remonta`);

--
-- Индексы таблицы `works`
--
ALTER TABLE `works`
  ADD PRIMARY KEY (`id`);

--
-- AUTO_INCREMENT для сохранённых таблиц
--

--
-- AUTO_INCREMENT для таблицы `aparaty`
--
ALTER TABLE `aparaty`
  MODIFY `id_aparat` int(4) NOT NULL AUTO_INCREMENT,AUTO_INCREMENT=161;
--
-- AUTO_INCREMENT для таблицы `aparat_p`
--
ALTER TABLE `aparat_p`
  MODIFY `id_aparat_p` int(3) NOT NULL AUTO_INCREMENT,AUTO_INCREMENT=807;
--
-- AUTO_INCREMENT для таблицы `cash`
--
ALTER TABLE `cash`
  MODIFY `id` int(8) NOT NULL AUTO_INCREMENT;
--
-- AUTO_INCREMENT для таблицы `ci_cookies`
--
ALTER TABLE `ci_cookies`
  MODIFY `id` int(11) NOT NULL AUTO_INCREMENT;
--
-- AUTO_INCREMENT для таблицы `clients`
--
ALTER TABLE `clients`
  MODIFY `user_id` int(4) NOT NULL AUTO_INCREMENT;
--
-- AUTO_INCREMENT для таблицы `comments`
--
ALTER TABLE `comments`
  MODIFY `id_comment` int(4) NOT NULL AUTO_INCREMENT;
--
-- AUTO_INCREMENT для таблицы `goroda`
--
ALTER TABLE `goroda`
  MODIFY `gorod_id` int(4) NOT NULL AUTO_INCREMENT,AUTO_INCREMENT=11;
--
-- AUTO_INCREMENT для таблицы `groups_dostupa`
--
ALTER TABLE `groups_dostupa`
  MODIFY `id` tinyint(4) NOT NULL AUTO_INCREMENT,AUTO_INCREMENT=7;
--
-- AUTO_INCREMENT для таблицы `kvitancy`
--
ALTER TABLE `kvitancy`
  MODIFY `id_kvitancy` int(4) NOT NULL AUTO_INCREMENT;
--
-- AUTO_INCREMENT для таблицы `membership`
--
ALTER TABLE `membership`
  MODIFY `id` int(11) NOT NULL AUTO_INCREMENT,AUTO_INCREMENT=15;
--
-- AUTO_INCREMENT для таблицы `parts`
--
ALTER TABLE `parts`
  MODIFY `id` int(4) NOT NULL AUTO_INCREMENT,AUTO_INCREMENT=3;
--
-- AUTO_INCREMENT для таблицы `people`
--
ALTER TABLE `people`
  MODIFY `PersonId` int(10) unsigned NOT NULL AUTO_INCREMENT,AUTO_INCREMENT=17;
--
-- AUTO_INCREMENT для таблицы `proizvoditel`
--
ALTER TABLE `proizvoditel`
  MODIFY `id_proizvod` int(4) NOT NULL AUTO_INCREMENT,AUTO_INCREMENT=495;
--
-- AUTO_INCREMENT для таблицы `service_centers`
--
ALTER TABLE `service_centers`
  MODIFY `id_sc` int(4) NOT NULL AUTO_INCREMENT,AUTO_INCREMENT=17;
--
-- AUTO_INCREMENT для таблицы `settings`
--
ALTER TABLE `settings`
  MODIFY `id` tinyint(2) unsigned NOT NULL AUTO_INCREMENT COMMENT 'id',AUTO_INCREMENT=31;
--
-- AUTO_INCREMENT для таблицы `sost_remonta`
--
ALTER TABLE `sost_remonta`
  MODIFY `id_sost` int(4) NOT NULL AUTO_INCREMENT,AUTO_INCREMENT=27;
--
-- AUTO_INCREMENT для таблицы `store`
--
ALTER TABLE `store`
  MODIFY `id` int(4) NOT NULL AUTO_INCREMENT,AUTO_INCREMENT=454;
--
-- AUTO_INCREMENT для таблицы `users`
--
ALTER TABLE `users`
  MODIFY `user_id` int(4) NOT NULL AUTO_INCREMENT,AUTO_INCREMENT=1352;
--
-- AUTO_INCREMENT для таблицы `vid_remonta`
--
ALTER TABLE `vid_remonta`
  MODIFY `id_remonta` int(4) NOT NULL AUTO_INCREMENT,AUTO_INCREMENT=10;
--
-- AUTO_INCREMENT для таблицы `works`
--
ALTER TABLE `works`
  MODIFY `id` int(4) NOT NULL AUTO_INCREMENT;
/*!40101 SET CHARACTER_SET_CLIENT=@OLD_CHARACTER_SET_CLIENT */;
/*!40101 SET CHARACTER_SET_RESULTS=@OLD_CHARACTER_SET_RESULTS */;
/*!40101 SET COLLATION_CONNECTION=@OLD_COLLATION_CONNECTION */;
